AngleBracket,AngleBracket,760,1,"{{Row[{""〈"", ""expr"", "","", ""…"", ""〉""}]}}","Row[{""AngleBracket"", ""["", ""expr"", "","", ""…"", ""]""}]",False,n-ary,Matchfix,,,
Association,Association,760,1,"{{Row[{""<|"", ""expr"", "","", ""…"", ""|>""}], Row[{"""", ""expr"", "","", ""…"", """"}]}}","Row[{""Association"", ""["", ""expr"", "","", ""…"", ""]""}]",True,n-ary,Matchfix,,,
BracketingBar,BracketingBar,760,1,"{{Row[{"""", ""expr"", "","", ""…"", """"}]}}","Row[{""BracketingBar"", ""["", ""expr"", "","", ""…"", ""]""}]",False,n-ary,Matchfix,,,
Ceiling,Ceiling,760,1,"{{Row[{""⌈"", ""expr"", ""⌉""}]}}","Row[{""Ceiling"", ""["", ""expr"", ""]""}]",True,Unary,Matchfix,,,
DoubleBracketingBar,DoubleBracketingBar,760,1,"{{Row[{"""", ""expr"", "","", ""…"", """"}]}}","Row[{""DoubleBracketingBar"", ""["", ""expr"", "","", ""…"", ""]""}]",False,n-ary,Matchfix,,,
Floor,Floor,760,1,"{{Row[{""⌊"", ""expr"", ""⌋""}]}}","Row[{""Floor"", ""["", ""expr"", ""]""}]",True,Unary,Matchfix,,,
List,List,760,1,"{{Row[{""{"", ""expr"", "","", ""…"", ""}""}]}}","Row[{""List"", ""["", ""expr"", "","", ""…"", ""]""}]",True,n-ary,Matchfix,,,
MessageName,MessageName,750,2,"{{Row[{""expr"", ""::"", ""string""}]}}","Row[{""MessageName"", ""["", ""expr"", "","", ""\"""", ""string"", ""\"""", ""]""}]",True,Binary,Infix,,,
Slot,Slot,740,3,"{{""#""}}","Row[{""Slot"", ""["", ""1"", ""]""}]",True,Nullary,None,,,
SlotNumber,Slot,740,3,"{{Row[{""#"", ""n""}]}}","Row[{""Slot"", ""["", ""n"", ""]""}]",True,Unary,Prefix,,,
SlotSequence,SlotSequence,740,3,"{{""##""}}","Row[{""SlotSequence"", ""["", ""1"", ""]""}]",True,Nullary,None,,,
SlotSequenceNumber,SlotSequence,740,3,"{{Row[{""##"", ""n""}]}}","Row[{""SlotSequence"", ""["", ""n"", ""]""}]",True,Unary,Prefix,,,
Out,Out,735,4,"{{Row[{""%%"", ""…"", ""%""}]}}","Row[{""Out"", ""["", ""-"", ""n"", ""]""}]",True,Nullary,None,Nullary,None,
OutNumber,Out,735,4,"{{Row[{""%"", ""n""}]}}","Row[{""Out"", ""["", ""n"", ""]""}]",True,Unary,Prefix,,,
BlankHead,Blank,730,5,"{{Row[{""_"", ""expr""}]}}","Row[{""Blank"", ""["", ""expr"", ""]""}]",True,Unary,Prefix,Non,,
BlankNullSequenceHead,BlankNullSequence,730,5,"{{Row[{""___"", ""expr""}]}}","Row[{""BlankNullSequence"", ""["", ""expr"", ""]""}]",True,Unary,Prefix,Non,,
BlankSequenceHead,BlankSequence,730,5,"{{Row[{""__"", ""expr""}]}}","Row[{""BlankSequence"", ""["", ""expr"", ""]""}]",True,Unary,Prefix,Non,,
NamedBlank,Blank,730,5,"{{Row[{""symb"", ""_""}]}}","Row[{""Pattern"", ""["", ""symb"", "","", ""Blank"", ""["", ""]"", ""]""}]",True,Unary,Postfix,Non,,
NamedBlankHead,Blank,730,5,"{{Row[{""symb"", ""_"", ""expr""}]}}","Row[{""Pattern"", ""["", ""symb"", "","", ""Blank"", ""["", ""expr"", ""]"", ""]""}]",True,Binary,Infix,Non,,
NamedBlankNullSequence,BlankNullSequence,730,5,"{{Row[{""symb"", ""___""}]}}","Row[{""Pattern"", ""["", ""symb"", "","", ""BlankNullSequence"", ""["", ""]"", ""]""}]",True,Unary,Postfix,Non,,
NamedBlankNullSequenceHead,BlankNullSequence,730,5,"{{Row[{""symb"", ""___"", ""expr""}]}}","Row[{""Pattern"", ""["", ""symb"", "","", ""BlankNullSequence"", ""["", ""expr"", ""]"", ""]""}]",True,Binary,Infix,Non,,
NamedBlankOptional,Blank,730,5,"{{Row[{""symb"", ""_"", "".""}]}}","Row[{""Optional"", ""["", ""Pattern"", ""["", ""symb"", "","", ""Blank"", ""["", ""]"", ""]"", ""]""}]",True,Unary,Postfix,Non,,
NamedBlankSequence,BlankSequence,730,5,"{{Row[{""symb"", ""__""}]}}","Row[{""Pattern"", ""["", ""symb"", "","", ""BlankSequence"", ""["", ""]"", ""]""}]",True,Unary,Postfix,Non,,
NamedBlankSequenceHead,BlankSequence,730,5,"{{Row[{""symb"", ""__"", ""expr""}]}}","Row[{""Pattern"", ""["", ""symb"", "","", ""BlankSequence"", ""["", ""expr"", ""]"", ""]""}]",True,Binary,Infix,Non,,
Blank,Blank,730,5,"{{""_""}}","Row[{""Blank"", ""["", ""]""}]",True,Nullary,None,Non,,A Blank (_) with no accompanying decoration.
BlankNullSequence,BlankNullSequence,730,5,"{{""___""}}","Row[{""BlankNullSequence"", ""["", ""]""}]",True,Nullary,None,Non,,A BlankNullSequence (___) with no accompanying decoration.
BlankOptional,Blank,730,5,"{{Row[{""_"", "".""}]}}","Row[{""Optional"", ""["", ""Blank"", ""["", ""]"", ""]""}]",True,Nullary,None,Non,,No name or head.
BlankSequence,BlankSequence,730,5,"{{""__""}}","Row[{""BlankSequence"", ""["", ""]""}]",True,Nullary,None,Non,,A BlankNullSequence (__) with no accompanying decoration.
Get,Get,720,6,"{{Row[{""<<"", ""filename""}]}}","Row[{""Get"", ""["", ""\"""", ""filename"", ""\"""", ""]""}]",True,Unary,Prefix,,,
OverscriptBox,Overscript,710,7,"{{Row[{""expr1"", ""\&"", ""expr2""}]}}","Row[{""OverscriptBox"", ""["", ""expr1"", "","", ""expr2"", ""]""}]",True,Binary,Infix,,,
UnderscriptBox,Underscript,710,7,"{{Row[{""expr1"", ""\+"", ""expr2""}]}}","Row[{""UnderscriptBox"", ""["", ""expr1"", "","", ""expr2"", ""]""}]",True,Binary,Infix,,,
OverunderscriptBox,Underoverscript,700,7.5,"{{Row[{""expr1"", ""\&"", ""expr2"", ""\%"", ""expr3""}]}}","Row[{""UnderoverscriptBox"", ""["", ""expr1"", "","", ""expr3"", "","", ""expr2"", ""]""}]",True,Ternary,Infix,,,
UnderoverscriptBox,Underoverscript,700,7.5,"{{Row[{""expr1"", ""\+"", ""expr2"", ""\%"", ""expr3""}]}}","Row[{""UnderoverscriptBox"", ""["", ""expr1"", "","", ""expr2"", "","", ""expr3"", ""]""}]",True,Ternary,Infix,,,
SubscriptBox,Subscript,695,8,"{{Row[{""expr1"", ""\_"", ""expr2""}]}}","Row[{""SubscriptBox"", ""["", ""expr1"", "","", ""expr2"", ""]""}]",True,Binary,Infix,,,
SubsuperscriptBox,Subsuperscript,695,8,"{{Row[{""expr1"", ""\_"", ""expr2"", ""\%"", ""expr3""}]}}","Row[{""SubsuperscriptBox"", ""["", ""expr1"", "","", ""expr2"", "","", ""expr3"", ""]""}]",True,Ternary,Infix,,,
PatternTest,PatternTest,690,9,"{{Row[{""expr1"", ""?"", ""expr2""}]}}","Row[{""PatternTest"", ""["", ""expr1"", "","", ""expr2"", ""]""}]",True,Binary,Infix,,,
Part,Part,680,10,"{{Row[{""expr1"", ""[["", ""expr2"", "","", ""…"", ""]]""}], Row[{""expr1"", ""〚"", ""expr2"", "","", ""…"", ""〛""}]}}","Row[{""Part"", ""["", ""expr1"", "","", ""expr2"", "","", ""…"", ""]""}]",True,n-ary,Infix,,,
Decrement,Decrement,670,11,"{{Row[{""expr"", ""--""}]}}","Row[{""Decrement"", ""["", ""expr"", ""]""}]",True,Unary,Postfix,,,
Increment,Increment,670,11,"{{Row[{""expr"", ""++""}]}}","Row[{""Increment"", ""["", ""expr"", ""]""}]",True,Unary,Postfix,,,
PreDecrement,PreDecrement,660,12,"{{Row[{""--"", ""expr""}]}}","Row[{""PreDecrement"", ""["", ""expr"", ""]""}]",True,Unary,Prefix,,,
PreIncrement,PreIncrement,660,12,"{{Row[{""++"", ""expr""}]}}","Row[{""PreIncrement"", ""["", ""expr"", ""]""}]",True,Unary,Prefix,,,
Composition,Composition,650,13,"{{Row[{""expr1"", ""@*"", ""expr2""}]}}","Row[{""Composition"", ""["", ""expr1"", "","", ""expr2"", ""]""}]",True,Binary,Infix,,,
RightComposition,RightComposition,650,13,"{{Row[{""expr1"", ""/*"", ""expr2""}]}}","Row[{""RightComposition"", ""["", ""expr1"", "","", ""expr2"", ""]""}]",True,Binary,Infix,,,
FunctionCallPrefix,Prefix,640,14,"{{Row[{""expr1"", ""@"", ""expr2""}]}}","Row[{""expr1"", ""["", ""expr2"", ""]""}]",True,Binary,Infix,Right,,"However, Construct[f, x] produces f[x]."
FunctionCallInfix,Infix,630,15,"{{Row[{""expr1"", ""~"", ""expr2"", ""~"", ""expr3""}]}}","Row[{""expr2"", ""["", ""expr1"", "","", ""expr3"", ""]""}]",True,Ternary,Infix,Left,,"Infix[f[x,y]] will display as x~f~y. Precedence identifies Infix with this operator, and Precedence[Infix]==30 which is almost correct."
Apply,Apply,620,16,"{{Row[{""expr1"", ""@@"", ""expr2""}]}}","Row[{""Apply"", ""["", ""expr1"", "","", ""expr2"", ""]""}]",True,Binary,Infix,,,
ApplyFirstLevel,Apply,620,16,"{{Row[{""expr1"", ""@@@"", ""expr2""}]}}","Row[{""Apply"", ""["", ""expr1"", "","", ""expr2"", "","", ""{"", ""1"", ""}"", ""]""}]",True,Binary,Infix,,,
Map,Map,620,16,"{{Row[{""expr1"", ""/@"", ""expr2""}]}}","Row[{""Map"", ""["", ""expr1"", "","", ""expr2"", ""]""}]",True,Binary,Infix,,,
MapAll,MapAll,620,16,"{{Row[{""expr1"", ""//@"", ""expr2""}]}}","Row[{""MapAll"", ""["", ""expr1"", "","", ""expr2"", ""]""}]",True,Binary,Infix,,,
Factorial,Factorial,610,17,"{{Row[{""expr"", ""!""}]}}","Row[{""Factorial"", ""["", ""expr"", ""]""}]",True,Unary,Postfix,,,
Factorial2,Factorial2,610,17,"{{Row[{""expr"", ""!!""}]}}","Row[{""Factorial2"", ""["", ""expr"", ""]""}]",True,Unary,Postfix,,,
Conjugate,Conjugate,605,18,"{{Row[{""expr"", """"}]}}","Row[{""Conjugate"", ""["", ""expr"", ""]""}]",True,Unary,Postfix,None,695,
ConjugateTranspose,ConjugateTranspose,605,18,"{{Row[{""expr"", """"}], Row[{""expr"", """"}]}}","Row[{""ConjugateTranspose"", ""["", ""expr"", ""]""}]",True,Unary,Postfix,None,695,
SuperDagger,SuperDagger,605,18,"{{Row[{""expr"", ""^"", ""†""}]}}","Row[{""SuperDagger"", ""["", ""expr"", ""]""}]",True,Unary,Postfix,,,
Transpose,Transpose,605,18,"{{Row[{""expr"", """"}]}}","Row[{""Transpose"", ""["", ""expr"", ""]""}]",True,Unary,Postfix,None,695,
Derivative,Derivative,604,19,"{{Row[{""expr"", ""''"", ""⋯"", ""'""}]}}","Row[{""Derivative"", ""["", ""n"", ""]"", ""["", ""expr"", ""]""}]",True,Unary,Postfix,,,
StringJoin,StringJoin,600,20,"{{Row[{""expr1"", ""<>"", ""expr2"", ""<>"", ""expr3""}]}}","Row[{""StringJoin"", ""["", ""expr1"", "","", ""expr2"", "","", ""expr3"", ""]""}]",True,Binary,Infix,,,
Power,Power,590,21,"{{Row[{""expr1"", ""^"", ""expr2""}]}}","Row[{""Power"", ""["", ""expr1"", "","", ""expr2"", ""]""}]",True,Binary,Infix,,,
SuperscriptBox,SuperscriptBox,590,21,"{{Row[{""expr1"", ""\^"", ""expr2""}]}}","Row[{""SuperscriptBox"", ""["", ""expr1"", "","", ""expr2"", ""]""}]",True,Binary,Infix,,,
SupersubscriptBox,SubsuperscriptBox,590,21,"{{Row[{""expr1"", ""\^"", ""expr2"", ""\%"", ""expr3""}]}}","Row[{""SubsuperscriptBox"", ""["", ""expr1"", "","", ""expr3"", "","", ""expr2"", ""]""}]",True,Ternary,Infix,,,
DoubleDownArrow,DoubleDownArrow,580,21.5,"{{Row[{""x"", ""⇓"", ""y…""}]}}","Row[{""DoubleDownArrow"", ""["", ""x"", "","", ""y…"", ""]""}]",False,Binary,Infix,None,650,
DoubleLongLeftArrow,DoubleLongLeftArrow,580,21.5,"{{Row[{""x"", ""⟸"", ""y"", ""⟸"", ""…""}]}}","Row[{""DoubleLongLeftArrow"", ""["", ""x"", "","", ""y"", "","", ""…"", ""]""}]",False,Binary,Infix,None,650,
DoubleLongLeftRightArrow,DoubleLongLeftRightArrow,580,21.5,"{{Row[{""x"", ""⟺"", ""y"", ""⟺"", ""…""}]}}","Row[{""DoubleLongLeftRightArrow"", ""["", ""x"", "","", ""y"", "","", ""…"", ""]""}]",False,Binary,Infix,None,650,
DoubleLongRightArrow,DoubleLongRightArrow,580,21.5,"{{Row[{""x"", ""⟹"", ""y"", ""⟹"", ""…""}]}}","Row[{""DoubleLongRightArrow"", ""["", ""x"", "","", ""y"", "","", ""…"", ""]""}]",False,Binary,Infix,None,650,
DoubleUpArrow,DoubleUpArrow,580,21.5,"{{Row[{""x"", ""⇑"", ""y"", ""⇑"", ""…""}]}}","Row[{""DoubleUpArrow"", ""["", ""x"", "","", ""y"", "","", ""…"", ""]""}]",False,Binary,Infix,None,650,
DoubleUpDownArrow,DoubleUpDownArrow,580,21.5,"{{Row[{""x"", ""⇕"", ""y"", ""⇕"", ""…""}]}}","Row[{""DoubleUpDownArrow"", ""["", ""x"", "","", ""y"", "","", ""…"", ""]""}]",False,Binary,Infix,None,650,
DownArrow,DownArrow,580,21.5,"{{Row[{""x"", ""↓"", ""y"", ""↓"", ""…""}]}}","Row[{""DownArrow"", ""["", ""x"", "","", ""y"", "","", ""…"", ""]""}]",False,Binary,Infix,None,650,
DownArrowBar,DownArrowBar,580,21.5,"{{Row[{""x"", ""⤓"", ""y"", ""⤓"", ""…""}]}}","Row[{""DownArrowBar"", ""["", ""x"", "","", ""y"", "","", ""…"", ""]""}]",False,Binary,Infix,None,650,
DownArrowUpArrow,DownArrowUpArrow,580,21.5,"{{Row[{""x"", ""⇵"", ""y"", ""⇵"", ""…""}]}}","Row[{""DownArrowUpArrow"", ""["", ""x"", "","", ""y"", "","", ""…"", ""]""}]",False,Binary,Infix,None,650,
DownTeeArrow,DownTeeArrow,580,21.5,"{{Row[{""x"", ""↧"", ""y"", ""↧"", ""…""}]}}","Row[{""DownTeeArrow"", ""["", ""x"", "","", ""y"", "","", ""…"", ""]""}]",False,Binary,Infix,None,650,
LeftDownTeeVector,LeftDownTeeVector,580,21.5,"{{Row[{""x"", ""⥡"", ""y"", ""⥡"", ""…""}]}}","Row[{""LeftDownTeeVector"", ""["", ""x"", "","", ""y"", "","", ""…"", ""]""}]",False,Binary,Infix,None,650,
LeftDownVector,LeftDownVector,580,21.5,"{{Row[{""x"", ""⇃"", ""y"", ""⇃"", ""…""}]}}","Row[{""LeftDownVector"", ""["", ""x"", "","", ""y"", "","", ""…"", ""]""}]",False,Binary,Infix,None,650,
LeftDownVectorBar,LeftDownVectorBar,580,21.5,"{{Row[{""x"", ""⥙"", ""y"", ""⥙"", ""…""}]}}","Row[{""LeftDownVectorBar"", ""["", ""x"", "","", ""y"", "","", ""…"", ""]""}]",False,Binary,Infix,None,650,
LeftUpDownVector,LeftUpDownVector,580,21.5,"{{Row[{""x"", ""⥑"", ""y"", ""⥑"", ""…""}]}}","Row[{""LeftUpDownVector"", ""["", ""x"", "","", ""y"", "","", ""…"", ""]""}]",False,Binary,Infix,None,650,
LeftUpTeeVector,LeftUpTeeVector,580,21.5,"{{Row[{""x"", ""⥠"", ""y"", ""⥠"", ""…""}]}}","Row[{""LeftUpTeeVector"", ""["", ""x"", "","", ""y"", "","", ""…"", ""]""}]",False,Binary,Infix,None,650,
LeftUpVector,LeftUpVector,580,21.5,"{{Row[{""x"", ""↿"", ""y"", ""↿"", ""…""}]}}","Row[{""LeftUpVector"", ""["", ""x"", "","", ""y"", "","", ""…"", ""]""}]",False,Binary,Infix,None,650,
LeftUpVectorBar,LeftUpVectorBar,580,21.5,"{{Row[{""x"", ""⥘"", ""y"", ""⥘"", ""…""}]}}","Row[{""LeftUpVectorBar"", ""["", ""x"", "","", ""y"", "","", ""…"", ""]""}]",False,Binary,Infix,None,650,
LongLeftArrow,LongLeftArrow,580,21.5,"{{Row[{""x"", ""⟵"", ""y"", ""⟵"", ""…""}]}}","Row[{""LongLeftArrow"", ""["", ""x"", "","", ""y"", "","", ""…"", ""]""}]",False,Binary,Infix,None,650,
LongLeftRightArrow,LongLeftRightArrow,580,21.5,"{{Row[{""x"", ""⟷"", ""y"", ""⟷"", ""…""}]}}","Row[{""LongLeftRightArrow"", ""["", ""x"", "","", ""y"", "","", ""…"", ""]""}]",False,Binary,Infix,None,650,
LongRightArrow,LongRightArrow,580,21.5,"{{Row[{""x"", ""⟶"", ""y"", ""⟶"", ""…""}]}}","Row[{""LongRightArrow"", ""["", ""x"", "","", ""y"", "","", ""…"", ""]""}]",False,Binary,Infix,None,650,
ReverseUpEquilibrium,ReverseUpEquilibrium,580,21.5,"{{Row[{""x"", ""⥯"", ""y"", ""⥯"", ""…""}]}}","Row[{""ReverseUpEquilibrium"", ""["", ""x"", "","", ""y"", "","", ""…"", ""]""}]",False,Binary,Infix,None,650,
RightDownTeeVector,RightDownTeeVector,580,21.5,"{{Row[{""x"", ""⥝"", ""y"", ""⥝"", ""…""}]}}","Row[{""RightDownTeeVector"", ""["", ""x"", "","", ""y"", "","", ""…"", ""]""}]",False,Binary,Infix,None,650,
RightDownVector,RightDownVector,580,21.5,"{{Row[{""x"", ""⇂"", ""y"", ""⇂"", ""…""}]}}","Row[{""RightDownVector"", ""["", ""x"", "","", ""y"", "","", ""…"", ""]""}]",False,Binary,Infix,None,650,
RightDownVectorBar,RightDownVectorBar,580,21.5,"{{Row[{""x"", ""⥕"", ""y"", ""⥕"", ""…""}]}}","Row[{""RightDownVectorBar"", ""["", ""x"", "","", ""y"", "","", ""…"", ""]""}]",False,Binary,Infix,None,650,
RightUpDownVector,RightUpDownVector,580,21.5,"{{Row[{""x"", ""⥏"", ""y"", ""⥏"", ""…""}]}}","Row[{""RightUpDownVector"", ""["", ""x"", "","", ""y"", "","", ""…"", ""]""}]",False,Binary,Infix,None,650,
RightUpTeeVector,RightUpTeeVector,580,21.5,"{{Row[{""x"", ""⥜"", ""y"", ""⥜"", ""…""}]}}","Row[{""RightUpTeeVector"", ""["", ""x"", "","", ""y"", "","", ""…"", ""]""}]",False,Binary,Infix,None,650,
RightUpVector,RightUpVector,580,21.5,"{{Row[{""x"", ""↾"", ""y"", ""↾"", ""…""}]}}","Row[{""RightUpVector"", ""["", ""x"", "","", ""y"", "","", ""…"", ""]""}]",False,Binary,Infix,None,650,
RightUpVectorBar,RightUpVectorBar,580,21.5,"{{Row[{""x"", ""⥔"", ""y"", ""⥔"", ""…""}]}}","Row[{""RightUpVectorBar"", ""["", ""x"", "","", ""y"", "","", ""…"", ""]""}]",False,Binary,Infix,None,650,
ShortDownArrow,ShortDownArrow,580,21.5,"{{Row[{""x"", """", ""y"", """", ""…""}]}}","Row[{""ShortDownArrow"", ""["", ""x"", "","", ""y"", "","", ""…"", ""]""}]",False,Binary,Infix,None,650,
ShortUpArrow,ShortUpArrow,580,21.5,"{{Row[{""x"", """", ""y"", """", ""…""}]}}","Row[{""ShortUpArrow"", ""["", ""x"", "","", ""y"", "","", ""…"", ""]""}]",False,Binary,Infix,None,650,
UpArrow,UpArrow,580,21.5,"{{Row[{""x"", ""↑"", ""y"", ""↑"", ""…""}]}}","Row[{""UpArrow"", ""["", ""x"", "","", ""y"", "","", ""…"", ""]""}]",False,Binary,Infix,None,650,
UpArrowBar,UpArrowBar,580,21.5,"{{Row[{""x"", ""⤒"", ""y"", ""⤒"", ""…""}]}}","Row[{""UpArrowBar"", ""["", ""x"", "","", ""y"", "","", ""…"", ""]""}]",False,Binary,Infix,None,650,
UpArrowDownArrow,UpArrowDownArrow,580,21.5,"{{Row[{""x"", ""⇅"", ""y"", ""⇅"", ""…""}]}}","Row[{""UpArrowDownArrow"", ""["", ""x"", "","", ""y"", "","", ""…"", ""]""}]",False,Binary,Infix,None,650,
UpDownArrow,UpDownArrow,580,21.5,"{{Row[{""x"", ""↕"", ""y"", ""↕"", ""…""}]}}","Row[{""UpDownArrow"", ""["", ""x"", "","", ""y"", "","", ""…"", ""]""}]",False,Binary,Infix,None,650,
UpEquilibrium,UpEquilibrium,580,21.5,"{{Row[{""x"", ""⥮"", ""y"", ""⥮"", ""…""}]}}","Row[{""UpEquilibrium"", ""["", ""x"", "","", ""y"", "","", ""…"", ""]""}]",False,Binary,Infix,None,650,
UpTeeArrow,UpTeeArrow,580,21.5,"{{Row[{""x"", ""↥"", ""y"", ""↥"", ""…""}]}}","Row[{""UpTeeArrow"", ""["", ""x"", "","", ""y"", "","", ""…"", ""]""}]",False,Binary,Infix,None,650,
Sqrt,Sqrt,570,22,"{{Row[{""√"", ""expr""}]}}","Row[{""Sqrt"", ""["", ""expr"", ""]""}]",True,Unary,Prefix,None,650,
RadicalBox,RadicalBox,570,22,"{{Row[{""\@"", ""expr1"", ""\%"", ""expr2""}]}}","Row[{""RadicalBox"", ""["", ""expr1"", "","", ""expr2"", ""]""}]",True,Binary,Prefix,,,
SqrtBox,Sqrt,570,22,"{{Row[{""\@"", ""expr""}]}}","Row[{""SqrtBox"", ""["", ""expr"", ""]""}]",True,Unary,Prefix,None,650,
CapitalDifferentialD,CapitalDifferentialD,550,24,"{{Row[{"""", ""x""}]}}","Row[{""CapitalDifferentialD"", ""["", ""x"", ""]""}]",False,Unary,Prefix,None,630,
Del,Del,550,24,"{{Row[{""∇"", ""expr""}]}}","Row[{""Del"", ""["", ""expr"", ""]""}]",False,Unary,Prefix,,,
DifferentialD,DifferentialD,550,24,"{{Row[{"""", ""x""}]}}","Row[{""DifferentialD"", ""["", ""x"", ""]""}]",False,Unary,Prefix,None,630,
Square,Square,540,24.5,"{{Row[{"""", ""expr""}]}}","Row[{""Square"", ""["", ""expr"", ""]""}]",False,Unary,Prefix,None,610,
SmallCircle,SmallCircle,530,25,"{{Row[{""expr1"", ""∘"", ""expr2"", ""∘"", ""expr3""}]}}","Row[{""SmallCircle"", ""["", ""expr1"", "","", ""expr2"", "","", ""expr3"", ""]""}]",False,Binary,Infix,None,607,
CircleDot,CircleDot,520,26,"{{Row[{""expr1"", ""⊙"", ""expr2"", ""⊙"", ""expr3""}]}}","Row[{""CircleDot"", ""["", ""expr1"", "","", ""expr2"", "","", ""expr3"", ""]""}]",False,Binary,Infix,None,605,
NonCommutativeMultiply,NonCommutativeMultiply,510,27,"{{Row[{""expr1"", ""**"", ""expr2"", ""**"", ""expr3""}]}}","Row[{""NonCommutativeMultiply"", ""["", ""expr1"", "","", ""expr2"", "","", ""expr3"", ""]""}]",True,Binary,Infix,,,
Cross,Cross,500,28,"{{Row[{""expr1"", """", ""expr2"", """", ""expr3""}]}}","Row[{""Cross"", ""["", ""expr1"", "","", ""expr2"", "","", ""expr3"", ""]""}]",True,Binary,Infix,None,603,
Dot,Dot,490,29,"{{Row[{""expr1"", ""."", ""expr2"", ""."", ""expr3""}]}}","Row[{""Dot"", ""["", ""expr1"", "","", ""expr2"", "","", ""expr3"", ""]""}]",True,Binary,Infix,,,
UnaryMinusPlus,MinusPlus,480,30,"{{Row[{""∓"", ""expr""}]}}","Row[{""MinusPlus"", ""["", ""expr"", ""]""}]",False,Unary,Prefix,None,600,
UnaryPlusMinus,PlusMinus,480,30,"{{Row[{""±"", ""expr""}]}}","Row[{""PlusMinus"", ""["", ""expr"", ""]""}]",False,Unary,Prefix,None,600,
Minus,Minus,480,30,"{{Row[{""-"", ""expr""}]}}","Row[{""Minus"", ""["", ""expr"", ""]""}]",True,Unary,Prefix,Right,600,"This is unary minus. Converts to Times[-1, expr] on input."
UnaryPlus,Plus,480,30,"{{Row[{""+"", ""expr""}]}}","Row[{""Plus"", ""["", ""expr"", ""]""}]",True,Unary,Prefix,Right,,Converts to expr on input.
Divide,Divide,470,31,"{{Row[{""expr1"", ""/"", ""expr2""}], Row[{""expr1"", ""÷"", ""expr2""}]}}","Row[{""Divide"", ""["", ""expr1"", "","", ""expr2"", ""]""}]",True,Binary,Infix,Left,590,
FractionBox,FractionBox,470,31,"{{Row[{""expr1"", ""\/"", ""expr2""}]}}","Row[{""FractionBox"", ""["", ""expr1"", "","", ""expr2"", ""]""}]",True,Binary,Infix,,,
Backslash,Backslash,460,32,"{{Row[{""expr1"", ""∖"", ""expr2"", ""∖"", ""expr3""}]}}","Row[{""Backslash"", ""["", ""expr1"", "","", ""expr2"", "","", ""expr3"", ""]""}]",False,Binary,Infix,None,580,
Diamond,Diamond,450,33,"{{Row[{""expr1"", ""⋄"", ""expr2"", ""⋄"", ""expr3""}]}}","Row[{""Diamond"", ""["", ""expr1"", "","", ""expr2"", "","", ""expr3"", ""]""}]",False,Binary,Infix,None,570,
Wedge,Wedge,440,34,"{{Row[{""expr1"", ""⋀"", ""expr2"", ""⋀"", ""expr3""}]}}","Row[{""Wedge"", ""["", ""expr1"", "","", ""expr2"", "","", ""expr3"", ""]""}]",False,Binary,Infix,None,560,
Vee,Vee,430,35,"{{Row[{""x"", ""⋁"", ""y"", ""⋁"", ""…""}]}}","Row[{""Vee"", ""["", ""x"", "","", ""y"", "","", ""…"", ""]""}]",False,Binary,Infix,None,550,
CircleTimes,CircleTimes,420,36,"{{Row[{""expr1"", ""⊗"", ""expr2"", ""⊗"", ""expr3""}]}}","Row[{""CircleTimes"", ""["", ""expr1"", "","", ""expr2"", "","", ""expr3"", ""]""}]",False,Binary,Infix,None,540,
CenterDot,CenterDot,410,37,"{{Row[{""x"", ""·"", ""y"", ""·"", ""…""}]}}","Row[{""CenterDot"", ""["", ""x"", "","", ""y"", "","", ""…"", ""]""}]",False,Binary,Infix,None,530,
Times,Times,400,38,"{{Row[{""expr1"", ""expr2"", ""expr3""}], Row[{""expr1"", ""*"", ""expr2"", ""*"", ""expr3""}], Row[{""expr1"", ""×"", ""expr2"", ""×"", ""expr3""}]}}","Row[{""Times"", ""["", ""expr1"", "","", ""expr2"", "","", ""expr3"", ""]""}]",True,Binary,Infix,None,520,
Star,Star,390,39,"{{Row[{""expr1"", ""⋆"", ""expr2"", ""⋆"", ""expr3""}]}}","Row[{""Star"", ""["", ""expr1"", "","", ""expr2"", "","", ""expr3"", ""]""}]",False,Binary,Infix,None,510,
VerticalTilde,VerticalTilde,370,41,"{{Row[{""expr1"", ""≀"", ""expr2"", ""≀"", ""expr3""}]}}","Row[{""VerticalTilde"", ""["", ""expr1"", "","", ""expr2"", "","", ""expr3"", ""]""}]",False,Binary,Infix,None,490,
Coproduct,Coproduct,360,42,"{{Row[{""expr1"", ""∐"", ""expr2"", ""∐"", ""expr3""}]}}","Row[{""Coproduct"", ""["", ""expr1"", "","", ""expr2"", "","", ""expr3"", ""]""}]",False,Binary,Infix,None,500,
Cap,Cap,350,42.5,"{{Row[{""expr1"", ""⌢"", ""expr2"", ""⌢"", ""expr3""}]}}","Row[{""Cap"", ""["", ""expr1"", "","", ""expr2"", "","", ""expr3"", ""]""}]",False,Binary,Infix,None,470,
Cup,Cup,340,43,"{{Row[{""expr1"", ""⌣"", ""expr2"", ""⌣"", ""expr3""}]}}","Row[{""Cup"", ""["", ""expr1"", "","", ""expr2"", "","", ""expr3"", ""]""}]",False,Binary,Infix,None,460,
CircleMinus,CircleMinus,330,44,"{{Row[{""expr1"", ""⊖"", ""expr2""}]}}","Row[{""CircleMinus"", ""["", ""expr1"", "","", ""expr2"", ""]""}]",False,Binary,Infix,Left,450,
CirclePlus,CirclePlus,330,44,"{{Row[{""expr1"", ""⊕"", ""expr2"", ""⊕"", ""expr3""}]}}","Row[{""CirclePlus"", ""["", ""expr1"", "","", ""expr2"", "","", ""expr3"", ""]""}]",False,Binary,Infix,None,450,
Integrate,Integrate,325,44.5,"{{Row[{""∫"", ""expr1"", """", ""expr2""}]}}","Row[{""Integrate"", ""["", ""expr1"", "","", ""expr2"", ""]""}]",True,Binary,Prefix,,,
MinusPlus,MinusPlus,310,46,"{{Row[{""expr1"", ""∓"", ""expr2""}]}}","Row[{""MinusPlus"", ""["", ""expr1"", "","", ""expr2"", "","", ""expr3"", ""]""}]",False,Binary,Infix,Left,430,
Plus,Plus,310,46,"{{Row[{""expr1"", ""+"", ""expr2"", ""+"", ""expr3""}]}}","Row[{""Plus"", ""["", ""expr1"", "","", ""expr2"", "","", ""expr3"", ""]""}]",True,Binary,Infix,,,
PlusMinus,PlusMinus,310,46,"{{Row[{""expr1"", ""±"", ""expr2""}]}}","Row[{""PlusMinus"", ""["", ""expr1"", "","", ""expr2"", "","", ""expr3"", ""]""}]",False,Binary,Infix,Left,430,
Subtract,Subtract,310,46,"{{Row[{""expr1"", ""-"", ""expr2""}]}}","Row[{""Subtract"", ""["", ""expr1"", "","", ""expr2"", ""]""}]",True,Binary,Infix,Left,,"This is binary minus. Converts to Plus[expr1, Time[-1, expr2]] on input."
Intersection,Intersection,305,47,"{{Row[{""expr1"", ""⋂"", ""expr2""}]}}","Row[{""Intersection"", ""["", ""expr1"", "","", ""expr2"", ""]""}]",True,Binary,Infix,None,420,
Span,Span,305,47,"{{Row[{""i"", "";;"", ""j"", "";;"", ""k""}]}}","Row[{""Span"", ""["", ""i"", "","", ""j"", "","", ""k"", ""]""}]",True,Ternary,Infix,,,
SquareIntersection,SquareIntersection,305,47,"{{Row[{""x"", ""⊓"", ""y"", ""⊓"", ""…""}]}}","Row[{""SquareIntersection"", ""["", ""x"", "","", ""y"", "","", ""…"", ""]""}]",False,Binary,Infix,None,420,
SquareUnion,SquareUnion,300,48,"{{Row[{""x"", ""⊔"", ""y"", ""⊔"", ""…""}]}}","Row[{""SquareUnion"", ""["", ""x"", "","", ""y"", "","", ""…"", ""]""}]",False,Binary,Infix,None,410,
Union,Union,300,48,"{{Row[{""expr1"", ""⋃"", ""expr2""}]}}","Row[{""Union"", ""["", ""expr1"", "","", ""expr2"", ""]""}]",True,Binary,Infix,None,410,
UnionPlus,UnionPlus,300,48,"{{Row[{""x"", ""⊎"", ""y"", ""⊎"", ""…""}]}}","Row[{""UnionPlus"", ""["", ""x"", "","", ""y"", "","", ""…"", ""]""}]",False,Binary,Infix,None,410,
DirectedEdge,DirectedEdge,295,49.4,"{{Row[{""expr1"", """", ""expr2""}]}}","Row[{""DirectedEdge"", ""["", ""expr1"", "","", ""expr2"", ""]""}]",True,Binary,Infix,None,395,
UndirectedEdge,UndirectedEdge,295,49.4,"{{Row[{""expr1"", """", ""expr2""}]}}","Row[{""UndirectedEdge"", ""["", ""expr1"", "","", ""expr2"", ""]""}]",True,Binary,Infix,None,395,
Congruent,Congruent,290,49.5,"{{Row[{""x"", ""≡"", ""y"", ""≡"", ""…""}]}}","Row[{""Congruent"", ""["", ""x"", "","", ""y"", "","", ""…"", ""]""}]",False,Binary,Infix,None,390,
CupCap,CupCap,290,49.5,"{{Row[{""x"", ""≍"", ""y"", ""≍"", ""…""}]}}","Row[{""CupCap"", ""["", ""x"", "","", ""y"", "","", ""…"", ""]""}]",False,Binary,Infix,None,390,
DotEqual,DotEqual,290,49.5,"{{Row[{""x"", ""≐"", ""y"", ""≐"", ""…""}]}}","Row[{""DotEqual"", ""["", ""x"", "","", ""y"", "","", ""…"", ""]""}]",False,Binary,Infix,None,390,
Equal,Equal,290,49.5,"{{Row[{""expr1"", ""=="", ""expr2""}], Row[{""expr1"", """", ""expr2""}], Row[{""expr1"", """", ""expr2""}]}}","Row[{""Equal"", ""["", ""expr1"", "","", ""expr2"", ""]""}]",True,Binary,Infix,None,390,
EqualTilde,EqualTilde,290,49.5,"{{Row[{""x"", ""≂"", ""y"", ""≂"", ""…""}]}}","Row[{""EqualTilde"", ""["", ""x"", "","", ""y"", "","", ""…"", ""]""}]",False,Binary,Infix,None,390,
Equilibrium,Equilibrium,290,49.5,"{{Row[{""x"", ""⇌"", ""y"", ""⇌"", ""…""}]}}","Row[{""Equilibrium"", ""["", ""x"", "","", ""y"", "","", ""…"", ""]""}]",False,Binary,Infix,None,390,
Greater,Greater,290,49.5,"{{Row[{""expr1"", "">"", ""expr2""}]}}","Row[{""Greater"", ""["", ""expr1"", "","", ""expr2"", ""]""}]",True,Binary,Infix,,,
GreaterEqual,GreaterEqual,290,49.5,"{{Row[{""expr1"", "">="", ""expr2""}], Row[{""expr1"", ""≥"", ""expr2""}]}}","Row[{""GreaterEqual"", ""["", ""expr1"", "","", ""expr2"", ""]""}]",True,Binary,Infix,None,390,
GreaterEqualLess,GreaterEqualLess,290,49.5,"{{Row[{""x"", ""⋛"", ""y"", ""⋛"", ""…""}]}}","Row[{""GreaterEqualLess"", ""["", ""x"", "","", ""y"", "","", ""…"", ""]""}]",False,Binary,Infix,None,390,
GreaterFullEqual,GreaterFullEqual,290,49.5,"{{Row[{""x"", ""≧"", ""y"", ""≧"", ""…""}]}}","Row[{""GreaterFullEqual"", ""["", ""x"", "","", ""y"", "","", ""…"", ""]""}]",False,Binary,Infix,None,390,
GreaterGreater,GreaterGreater,290,49.5,"{{Row[{""x"", ""≫"", ""y"", ""≫"", ""…""}]}}","Row[{""GreaterGreater"", ""["", ""x"", "","", ""y"", "","", ""…"", ""]""}]",False,Binary,Infix,None,390,
GreaterLess,GreaterLess,290,49.5,"{{Row[{""x"", ""≷"", ""y"", ""≷"", ""…""}]}}","Row[{""GreaterLess"", ""["", ""x"", "","", ""y"", "","", ""…"", ""]""}]",False,Binary,Infix,None,390,
GreaterSlantEqual,GreaterSlantEqual,290,49.5,"{{Row[{""x"", ""⩾"", ""y"", ""⩾"", ""…""}]}}","Row[{""GreaterEqual"", ""["", ""x"", "","", ""y"", "","", ""…"", ""]""}]",False,Binary,Infix,None,390,
GreaterTilde,GreaterTilde,290,49.5,"{{Row[{""x"", ""≳"", ""y"", ""≳"", ""…""}]}}","Row[{""GreaterTilde"", ""["", ""x"", "","", ""y"", "","", ""…"", ""]""}]",False,Binary,Infix,None,390,
HumpDownHump,HumpDownHump,290,49.5,"{{Row[{""x"", ""≎"", ""y"", ""≎"", ""…""}]}}","Row[{""HumpDownHump"", ""["", ""x"", "","", ""y"", "","", ""…"", ""]""}]",False,Binary,Infix,None,390,
HumpEqual,HumpEqual,290,49.5,"{{Row[{""x"", ""≏"", ""y"", ""≏"", ""…""}]}}","Row[{""HumpEqual"", ""["", ""x"", "","", ""y"", "","", ""…"", ""]""}]",False,Binary,Infix,None,390,
LeftTriangle,LeftTriangle,290,49.5,"{{Row[{""x"", ""⊲"", ""y"", ""⊲"", ""…""}]}}","Row[{""LeftTriangle"", ""["", ""x"", "","", ""y"", "","", ""…"", ""]""}]",False,Binary,Infix,None,390,
LeftTriangleBar,LeftTriangleBar,290,49.5,"{{Row[{""x"", ""⧏"", ""y"", ""⧏"", ""…""}]}}","Row[{""LeftTriangleBar"", ""["", ""x"", "","", ""y"", "","", ""…"", ""]""}]",False,Binary,Infix,None,390,
LeftTriangleEqual,LeftTriangleEqual,290,49.5,"{{Row[{""x"", ""⊴"", ""y"", ""⊴"", ""…""}]}}","Row[{""LeftTriangleEqual"", ""["", ""x"", "","", ""y"", "","", ""…"", ""]""}]",False,Binary,Infix,None,390,
Less,Less,290,49.5,"{{Row[{""expr1"", ""<"", ""expr2""}]}}","Row[{""Less"", ""["", ""expr1"", "","", ""expr2"", ""]""}]",True,Binary,Infix,,,
LessEqual,LessEqual,290,49.5,"{{Row[{""expr1"", ""<="", ""expr2""}], Row[{""expr1"", ""≤"", ""expr2""}]}}","Row[{""LessEqual"", ""["", ""expr1"", "","", ""expr2"", ""]""}]",True,Binary,Infix,None,390,
LessEqualGreater,LessEqualGreater,290,49.5,"{{Row[{""x"", ""⋚"", ""y"", ""⋚"", ""…""}]}}","Row[{""LessEqualGreater"", ""["", ""x"", "","", ""y"", "","", ""…"", ""]""}]",False,Binary,Infix,None,390,
LessFullEqual,LessFullEqual,290,49.5,"{{Row[{""x"", ""≦"", ""y"", ""≦"", ""…""}]}}","Row[{""LessFullEqual"", ""["", ""x"", "","", ""y"", "","", ""…"", ""]""}]",False,Binary,Infix,None,390,
LessGreater,LessGreater,290,49.5,"{{Row[{""x"", ""≶"", ""y"", ""≶"", ""…""}]}}","Row[{""LessGreater"", ""["", ""x"", "","", ""y"", "","", ""…"", ""]""}]",False,Binary,Infix,None,390,
LessLess,LessLess,290,49.5,"{{Row[{""x"", ""≪"", ""y"", ""≪"", ""…""}]}}","Row[{""LessLess"", ""["", ""x"", "","", ""y"", "","", ""…"", ""]""}]",False,Binary,Infix,None,390,
LessSlantEqual,LessSlantEqual,290,49.5,"{{Row[{""x"", ""⩽"", ""y"", ""⩽"", ""…""}]}}","Row[{""LessEqual"", ""["", ""x"", "","", ""y"", "","", ""…"", ""]""}]",False,Binary,Infix,None,390,
LessTilde,LessTilde,290,49.5,"{{Row[{""x"", ""≲"", ""y"", ""≲"", ""…""}]}}","Row[{""LessTilde"", ""["", ""x"", "","", ""y"", "","", ""…"", ""]""}]",False,Binary,Infix,None,390,
NestedGreaterGreater,NestedGreaterGreater,290,49.5,"{{Row[{""x"", ""⪢"", ""y"", ""⪢"", ""…""}]}}","Row[{""NestedGreaterGreater"", ""["", ""x"", "","", ""y"", "","", ""…"", ""]""}]",False,Binary,Infix,None,390,
NestedLessLess,NestedLessLess,290,49.5,"{{Row[{""x"", ""⪡"", ""y"", ""⪡"", ""…""}]}}","Row[{""NestedLessLess"", ""["", ""x"", "","", ""y"", "","", ""…"", ""]""}]",False,Binary,Infix,None,390,
NotCongruent,NotCongruent,290,49.5,"{{Row[{""x"", ""≢"", ""y"", ""≢"", ""…""}]}}","Row[{""NotCongruent"", ""["", ""x"", "","", ""y"", "","", ""…"", ""]""}]",False,Binary,Infix,None,390,
NotCupCap,NotCupCap,290,49.5,"{{Row[{""x"", ""≭"", ""y"", ""≭"", ""…""}]}}","Row[{""NotCupCap"", ""["", ""x"", "","", ""y"", "","", ""…"", ""]""}]",False,Binary,Infix,None,390,
NotEqualTilde,NotEqualTilde,290,49.5,"{{Row[{""x"", """", ""y"", """", ""…""}]}}","Row[{""NotEqualTilde"", ""["", ""x"", "","", ""y"", "","", ""…"", ""]""}]",False,Binary,Infix,None,390,
NotGreater,NotGreater,290,49.5,"{{Row[{""x"", ""≯"", ""y"", ""≯"", ""…""}]}}","Row[{""NotGreater"", ""["", ""x"", "","", ""y"", "","", ""…"", ""]""}]",False,Binary,Infix,None,390,
NotGreaterEqual,NotGreaterEqual,290,49.5,"{{Row[{""x"", ""≱"", ""y"", ""≱"", ""…""}]}}","Row[{""NotGreaterEqual"", ""["", ""x"", "","", ""y"", "","", ""…"", ""]""}]",False,Binary,Infix,None,390,
NotGreaterFullEqual,NotGreaterFullEqual,290,49.5,"{{Row[{""x"", ""≩"", ""y"", ""≩"", ""…""}]}}","Row[{""NotGreaterFullEqual"", ""["", ""x"", "","", ""y"", "","", ""…"", ""]""}]",False,Binary,Infix,None,390,
NotGreaterGreater,NotGreaterGreater,290,49.5,"{{Row[{""x"", """", ""y"", """", ""…""}]}}","Row[{""NotGreaterGreater"", ""["", ""x"", "","", ""y"", "","", ""…"", ""]""}]",False,Binary,Infix,None,390,
NotGreaterLess,NotGreaterLess,290,49.5,"{{Row[{""x"", ""≹"", ""y"", ""≹"", ""…""}]}}","Row[{""NotGreaterLess"", ""["", ""x"", "","", ""y"", "","", ""…"", ""]""}]",False,Binary,Infix,None,390,
NotGreaterSlantEqual,NotGreaterSlantEqual,290,49.5,"{{Row[{""x"", """", ""y"", """", ""…""}]}}","Row[{""NotGreaterSlantEqual"", ""["", ""x"", "","", ""y"", "","", ""…"", ""]""}]",False,Binary,Infix,None,390,
NotGreaterTilde,NotGreaterTilde,290,49.5,"{{Row[{""x"", ""≵"", ""y"", ""≵"", ""…""}]}}","Row[{""NotGreaterTilde"", ""["", ""x"", "","", ""y"", "","", ""…"", ""]""}]",False,Binary,Infix,None,390,
NotHumpDownHump,NotHumpDownHump,290,49.5,"{{Row[{""x"", """", ""y"", """", ""…""}]}}","Row[{""NotHumpDownHump"", ""["", ""x"", "","", ""y"", "","", ""…"", ""]""}]",False,Binary,Infix,None,390,
NotHumpEqual,NotHumpEqual,290,49.5,"{{Row[{""x"", """", ""y"", """", ""…""}]}}","Row[{""NotHumpEqual"", ""["", ""x"", "","", ""y"", "","", ""…"", ""]""}]",False,Binary,Infix,None,390,
NotLeftTriangle,NotLeftTriangle,290,49.5,"{{Row[{""x"", ""⋪"", ""y"", ""⋪"", ""…""}]}}","Row[{""NotLeftTriangle"", ""["", ""x"", "","", ""y"", "","", ""…"", ""]""}]",False,Binary,Infix,None,390,
NotLeftTriangleBar,NotLeftTriangleBar,290,49.5,"{{Row[{""x"", """", ""y"", """", ""…""}]}}","Row[{""NotLeftTriangleBar"", ""["", ""x"", "","", ""y"", "","", ""…"", ""]""}]",False,Binary,Infix,None,390,
NotLeftTriangleEqual,NotLeftTriangleEqual,290,49.5,"{{Row[{""x"", ""⋬"", ""y"", ""⋬"", ""…""}]}}","Row[{""NotLeftTriangleEqual"", ""["", ""x"", "","", ""y"", "","", ""…"", ""]""}]",False,Binary,Infix,None,390,
NotLess,NotLess,290,49.5,"{{Row[{""x"", ""≮"", ""y"", ""≮"", ""…""}]}}","Row[{""NotLess"", ""["", ""x"", "","", ""y"", "","", ""…"", ""]""}]",False,Binary,Infix,None,390,
NotLessEqual,NotLessEqual,290,49.5,"{{Row[{""x"", ""≰"", ""y"", ""≰"", ""…""}]}}","Row[{""NotLessEqual"", ""["", ""x"", "","", ""y"", "","", ""…"", ""]""}]",False,Binary,Infix,None,390,
NotLessFullEqual,NotLessFullEqual,290,49.5,"{{Row[{""x"", ""≨"", ""y"", ""≨"", ""…""}]}}","Row[{""NotLessFullEqual"", ""["", ""x"", "","", ""y"", "","", ""…"", ""]""}]",False,Binary,Infix,None,390,
NotLessGreater,NotLessGreater,290,49.5,"{{Row[{""x"", ""≸"", ""y"", ""≸"", ""…""}]}}","Row[{""NotLessGreater"", ""["", ""x"", "","", ""y"", "","", ""…"", ""]""}]",False,Binary,Infix,None,390,
NotLessLess,NotLessLess,290,49.5,"{{Row[{""x"", """", ""y"", """", ""…""}]}}","Row[{""NotLessLess"", ""["", ""x"", "","", ""y"", "","", ""…"", ""]""}]",False,Binary,Infix,None,390,
NotLessSlantEqual,NotLessSlantEqual,290,49.5,"{{Row[{""x"", """", ""y"", """", ""…""}]}}","Row[{""NotLessSlantEqual"", ""["", ""x"", "","", ""y"", "","", ""…"", ""]""}]",False,Binary,Infix,None,390,
NotLessTilde,NotLessTilde,290,49.5,"{{Row[{""x"", ""≴"", ""y"", ""≴"", ""…""}]}}","Row[{""NotLessTilde"", ""["", ""x"", "","", ""y"", "","", ""…"", ""]""}]",False,Binary,Infix,None,390,
NotNestedGreaterGreater,NotNestedGreaterGreater,290,49.5,"{{Row[{""x"", """", ""y"", """", ""…""}]}}","Row[{""NotNestedGreaterGreater"", ""["", ""x"", "","", ""y"", "","", ""…"", ""]""}]",False,Binary,Infix,None,390,
NotNestedLessLess,NotNestedLessLess,290,49.5,"{{Row[{""x"", """", ""y"", """", ""…""}]}}","Row[{""NotNestedLessLess"", ""["", ""x"", "","", ""y"", "","", ""…"", ""]""}]",False,Binary,Infix,None,390,
NotPrecedes,NotPrecedes,290,49.5,"{{Row[{""x"", ""⊀"", ""y"", ""⊀"", ""…""}]}}","Row[{""NotPrecedes"", ""["", ""x"", "","", ""y"", "","", ""…"", ""]""}]",False,Binary,Infix,None,390,
NotPrecedesEqual,NotPrecedesEqual,290,49.5,"{{Row[{""x"", """", ""y"", """", ""…""}]}}","Row[{""NotPrecedesEqual"", ""["", ""x"", "","", ""y"", "","", ""…"", ""]""}]",False,Binary,Infix,None,390,
NotPrecedesSlantEqual,NotPrecedesSlantEqual,290,49.5,"{{Row[{""x"", ""⋠"", ""y"", ""⋠"", ""…""}]}}","Row[{""NotPrecedesSlantEqual"", ""["", ""x"", "","", ""y"", "","", ""…"", ""]""}]",False,Binary,Infix,None,390,
NotPrecedesTilde,NotPrecedesTilde,290,49.5,"{{Row[{""x"", ""⋨"", ""y"", ""⋨"", ""…""}]}}","Row[{""NotPrecedesTilde"", ""["", ""x"", "","", ""y"", "","", ""…"", ""]""}]",False,Binary,Infix,None,390,
NotRightTriangle,NotRightTriangle,290,49.5,"{{Row[{""x"", ""⋫"", ""y"", ""⋫"", ""…""}]}}","Row[{""NotRightTriangle"", ""["", ""x"", "","", ""y"", "","", ""…"", ""]""}]",False,Binary,Infix,None,390,
NotRightTriangleBar,NotRightTriangleBar,290,49.5,"{{Row[{""x"", """", ""y"", """", ""…""}]}}","Row[{""NotRightTriangleBar"", ""["", ""x"", "","", ""y"", "","", ""…"", ""]""}]",False,Binary,Infix,None,390,
NotRightTriangleEqual,NotRightTriangleEqual,290,49.5,"{{Row[{""x"", ""⋭"", ""y"", ""⋭"", ""…""}]}}","Row[{""NotRightTriangleEqual"", ""["", ""x"", "","", ""y"", "","", ""…"", ""]""}]",False,Binary,Infix,None,390,
NotSucceeds,NotSucceeds,290,49.5,"{{Row[{""x"", ""⊁"", ""y"", ""⊁"", ""…""}]}}","Row[{""NotSucceeds"", ""["", ""x"", "","", ""y"", "","", ""…"", ""]""}]",False,Binary,Infix,None,390,
NotSucceedsEqual,NotSucceedsEqual,290,49.5,"{{Row[{""x"", """", ""y"", """", ""…""}]}}","Row[{""NotSucceedsEqual"", ""["", ""x"", "","", ""y"", "","", ""…"", ""]""}]",False,Binary,Infix,None,390,
NotSucceedsSlantEqual,NotSucceedsSlantEqual,290,49.5,"{{Row[{""x"", ""⋡"", ""y"", ""⋡"", ""…""}]}}","Row[{""NotSucceedsSlantEqual"", ""["", ""x"", "","", ""y"", "","", ""…"", ""]""}]",False,Binary,Infix,None,390,
NotSucceedsTilde,NotSucceedsTilde,290,49.5,"{{Row[{""x"", ""⋩"", ""y"", ""⋩"", ""…""}]}}","Row[{""NotSucceedsTilde"", ""["", ""x"", "","", ""y"", "","", ""…"", ""]""}]",False,Binary,Infix,None,390,
NotTilde,NotTilde,290,49.5,"{{Row[{""x"", ""≁"", ""y"", ""≁"", ""…""}]}}","Row[{""NotTilde"", ""["", ""x"", "","", ""y"", "","", ""…"", ""]""}]",False,Binary,Infix,None,390,
NotTildeEqual,NotTildeEqual,290,49.5,"{{Row[{""x"", ""≄"", ""y"", ""≄"", ""…""}]}}","Row[{""NotTildeEqual"", ""["", ""x"", "","", ""y"", "","", ""…"", ""]""}]",False,Binary,Infix,None,390,
NotTildeFullEqual,NotTildeFullEqual,290,49.5,"{{Row[{""x"", ""≇"", ""y"", ""≇"", ""…""}]}}","Row[{""NotTildeFullEqual"", ""["", ""x"", "","", ""y"", "","", ""…"", ""]""}]",False,Binary,Infix,None,390,
NotTildeTilde,NotTildeTilde,290,49.5,"{{Row[{""x"", ""≉"", ""y"", ""≉"", ""…""}]}}","Row[{""NotTildeTilde"", ""["", ""x"", "","", ""y"", "","", ""…"", ""]""}]",False,Binary,Infix,None,390,
Precedes,Precedes,290,49.5,"{{Row[{""x"", ""≺"", ""y"", ""≺"", ""…""}]}}","Row[{""Precedes"", ""["", ""x"", "","", ""y"", "","", ""…"", ""]""}]",False,Binary,Infix,None,390,
PrecedesEqual,PrecedesEqual,290,49.5,"{{Row[{""x"", ""⪯"", ""y"", ""⪯"", ""…""}]}}","Row[{""PrecedesEqual"", ""["", ""x"", "","", ""y"", "","", ""…"", ""]""}]",False,Binary,Infix,None,390,
PrecedesSlantEqual,PrecedesSlantEqual,290,49.5,"{{Row[{""x"", ""≼"", ""y"", ""≼"", ""…""}]}}","Row[{""PrecedesSlantEqual"", ""["", ""x"", "","", ""y"", "","", ""…"", ""]""}]",False,Binary,Infix,None,390,
PrecedesTilde,PrecedesTilde,290,49.5,"{{Row[{""x"", ""≾"", ""y"", ""≾"", ""…""}]}}","Row[{""PrecedesTilde"", ""["", ""x"", "","", ""y"", "","", ""…"", ""]""}]",False,Binary,Infix,None,390,
Proportion,Proportion,290,49.5,"{{Row[{""x"", ""∷"", ""y"", ""∷"", ""…""}]}}","Row[{""Proportion"", ""["", ""x"", "","", ""y"", "","", ""…"", ""]""}]",False,Binary,Infix,None,390,
Proportional,Proportional,290,49.5,"{{Row[{""x"", ""∝"", ""y"", ""∝"", ""…""}]}}","Row[{""Proportional"", ""["", ""x"", "","", ""y"", "","", ""…"", ""]""}]",False,Binary,Infix,None,390,
ReverseEquilibrium,ReverseEquilibrium,290,49.5,"{{Row[{""x"", ""⇋"", ""y"", ""⇋"", ""…""}]}}","Row[{""ReverseEquilibrium"", ""["", ""x"", "","", ""y"", "","", ""…"", ""]""}]",False,Binary,Infix,None,390,
RightTriangle,RightTriangle,290,49.5,"{{Row[{""x"", ""⊳"", ""y"", ""⊳"", ""…""}]}}","Row[{""RightTriangle"", ""["", ""x"", "","", ""y"", "","", ""…"", ""]""}]",False,Binary,Infix,None,390,
RightTriangleBar,RightTriangleBar,290,49.5,"{{Row[{""x"", ""⧐"", ""y"", ""⧐"", ""…""}]}}","Row[{""RightTriangleBar"", ""["", ""x"", "","", ""y"", "","", ""…"", ""]""}]",False,Binary,Infix,None,390,
RightTriangleEqual,RightTriangleEqual,290,49.5,"{{Row[{""x"", ""⊵"", ""y"", ""⊵"", ""…""}]}}","Row[{""RightTriangleEqual"", ""["", ""x"", "","", ""y"", "","", ""…"", ""]""}]",False,Binary,Infix,None,390,
Succeeds,Succeeds,290,49.5,"{{Row[{""x"", ""≻"", ""y"", ""≻"", ""…""}]}}","Row[{""Succeeds"", ""["", ""x"", "","", ""y"", "","", ""…"", ""]""}]",False,Binary,Infix,None,390,
SucceedsEqual,SucceedsEqual,290,49.5,"{{Row[{""x"", ""⪰"", ""y"", ""⪰"", ""…""}]}}","Row[{""SucceedsEqual"", ""["", ""x"", "","", ""y"", "","", ""…"", ""]""}]",False,Binary,Infix,None,390,
SucceedsSlantEqual,SucceedsSlantEqual,290,49.5,"{{Row[{""x"", ""≽"", ""y"", ""≽"", ""…""}]}}","Row[{""SucceedsSlantEqual"", ""["", ""x"", "","", ""y"", "","", ""…"", ""]""}]",False,Binary,Infix,None,390,
SucceedsTilde,SucceedsTilde,290,49.5,"{{Row[{""x"", ""≿"", ""y"", ""≿"", ""…""}]}}","Row[{""SucceedsTilde"", ""["", ""x"", "","", ""y"", "","", ""…"", ""]""}]",False,Binary,Infix,None,390,
Tilde,Tilde,290,49.5,"{{Row[{""x"", ""∼"", ""y"", ""∼"", ""…""}]}}","Row[{""Tilde"", ""["", ""x"", "","", ""y"", "","", ""…"", ""]""}]",False,Binary,Infix,None,390,
TildeEqual,TildeEqual,290,49.5,"{{Row[{""x"", ""≃"", ""y"", ""≃"", ""…""}]}}","Row[{""TildeEqual"", ""["", ""x"", "","", ""y"", "","", ""…"", ""]""}]",False,Binary,Infix,None,390,
TildeFullEqual,TildeFullEqual,290,49.5,"{{Row[{""x"", ""≅"", ""y"", ""≅"", ""…""}]}}","Row[{""TildeFullEqual"", ""["", ""x"", "","", ""y"", "","", ""…"", ""]""}]",False,Binary,Infix,None,390,
TildeTilde,TildeTilde,290,49.5,"{{Row[{""x"", ""≈"", ""y"", ""≈"", ""…""}]}}","Row[{""TildeTilde"", ""["", ""x"", "","", ""y"", "","", ""…"", ""]""}]",False,Binary,Infix,None,390,
Unequal,Unequal,290,49.5,"{{Row[{""expr1"", ""!="", ""expr2""}], Row[{""expr1"", ""≠"", ""expr2""}]}}","Row[{""Unequal"", ""["", ""expr1"", "","", ""expr2"", ""]""}]",True,Binary,Infix,,,
DoubleVerticalBar,DoubleVerticalBar,280,50,"{{Row[{""expr1"", ""∥"", ""expr2""}]}}","Row[{""DoubleVerticalBar"", ""["", ""expr1"", "","", ""expr2"", ""]""}]",False,Binary,Infix,None,390,
NotDoubleVerticalBar,NotDoubleVerticalBar,280,50,"{{Row[{""expr1"", ""∦"", ""expr2""}]}}","Row[{""NotDoubleVerticalBar"", ""["", ""expr1"", "","", ""expr2"", ""]""}]",False,Binary,Infix,None,390,
NotVerticalBar,NotVerticalBar,280,50,"{{Row[{""expr1"", """", ""expr2""}]}}","Row[{""NotVerticalBar"", ""["", ""expr1"", "","", ""expr2"", ""]""}]",False,Binary,Infix,None,390,
VerticalBar,VerticalBar,280,50,"{{Row[{""expr1"", """", ""expr2""}]}}","Row[{""VerticalBar"", ""["", ""expr1"", "","", ""expr2"", ""]""}]",False,Binary,Infix,None,390,
DoubleLeftArrow,DoubleLeftArrow,270,50.5,"{{Row[{""x"", ""⇐"", ""y"", ""⇐"", ""…""}]}}","Row[{""DoubleLeftArrow"", ""["", ""x"", "","", ""y"", "","", ""…"", ""]""}]",False,Binary,Infix,None,380,
DoubleLeftRightArrow,DoubleLeftRightArrow,270,50.5,"{{Row[{""x"", ""⇔"", ""y"", ""⇔"", ""…""}]}}","Row[{""DoubleLeftRightArrow"", ""["", ""x"", "","", ""y"", "","", ""…"", ""]""}]",False,Binary,Infix,None,380,
DoubleRightArrow,DoubleRightArrow,270,50.5,"{{Row[{""x"", ""⇒"", ""y"", ""⇒"", ""…""}]}}","Row[{""DoubleRightArrow"", ""["", ""x"", "","", ""y"", "","", ""…"", ""]""}]",False,Binary,Infix,None,380,
DownLeftRightVector,DownLeftRightVector,270,50.5,"{{Row[{""x"", ""⥐"", ""y"", ""⥐"", ""…""}]}}","Row[{""DownLeftRightVector"", ""["", ""x"", "","", ""y"", "","", ""…"", ""]""}]",False,Binary,Infix,None,380,
DownLeftTeeVector,DownLeftTeeVector,270,50.5,"{{Row[{""x"", ""⥞"", ""y"", ""⥞"", ""…""}]}}","Row[{""DownLeftTeeVector"", ""["", ""x"", "","", ""y"", "","", ""…"", ""]""}]",False,Binary,Infix,None,380,
DownLeftVector,DownLeftVector,270,50.5,"{{Row[{""x"", ""↽"", ""y"", ""↽"", ""…""}]}}","Row[{""DownLeftVector"", ""["", ""x"", "","", ""y"", "","", ""…"", ""]""}]",False,Binary,Infix,None,380,
DownLeftVectorBar,DownLeftVectorBar,270,50.5,"{{Row[{""x"", ""⥖"", ""y"", ""⥖"", ""…""}]}}","Row[{""DownLeftVectorBar"", ""["", ""x"", "","", ""y"", "","", ""…"", ""]""}]",False,Binary,Infix,None,380,
DownRightTeeVector,DownRightTeeVector,270,50.5,"{{Row[{""x"", ""⥟"", ""y"", ""⥟"", ""…""}]}}","Row[{""DownRightTeeVector"", ""["", ""x"", "","", ""y"", "","", ""…"", ""]""}]",False,Binary,Infix,None,380,
DownRightVector,DownRightVector,270,50.5,"{{Row[{""x"", ""⇁"", ""y"", ""⇁"", ""…""}]}}","Row[{""DownRightVector"", ""["", ""x"", "","", ""y"", "","", ""…"", ""]""}]",False,Binary,Infix,None,380,
DownRightVectorBar,DownRightVectorBar,270,50.5,"{{Row[{""x"", ""⥗"", ""y"", ""⥗"", ""…""}]}}","Row[{""DownRightVectorBar"", ""["", ""x"", "","", ""y"", "","", ""…"", ""]""}]",False,Binary,Infix,None,380,
LeftArrow,LeftArrow,270,50.5,"{{Row[{""x"", ""←"", ""y"", ""←"", ""…""}]}}","Row[{""LeftArrow"", ""["", ""x"", "","", ""y"", "","", ""…"", ""]""}]",False,Binary,Infix,None,380,
LeftArrowBar,LeftArrowBar,270,50.5,"{{Row[{""x"", ""⇤"", ""y"", ""⇤"", ""…""}]}}","Row[{""LeftArrowBar"", ""["", ""x"", "","", ""y"", "","", ""…"", ""]""}]",False,Binary,Infix,None,380,
LeftArrowRightArrow,LeftArrowRightArrow,270,50.5,"{{Row[{""x"", ""⇆"", ""y"", ""⇆"", ""…""}]}}","Row[{""LeftArrowRightArrow"", ""["", ""x"", "","", ""y"", "","", ""…"", ""]""}]",False,Binary,Infix,None,380,
LeftRightArrow,LeftRightArrow,270,50.5,"{{Row[{""x"", ""↔"", ""y"", ""↔"", ""…""}]}}","Row[{""LeftRightArrow"", ""["", ""x"", "","", ""y"", "","", ""…"", ""]""}]",False,Binary,Infix,None,380,
LeftRightVector,LeftRightVector,270,50.5,"{{Row[{""x"", ""⥎"", ""y"", ""⥎"", ""…""}]}}","Row[{""LeftRightVector"", ""["", ""x"", "","", ""y"", "","", ""…"", ""]""}]",False,Binary,Infix,None,380,
LeftTeeArrow,LeftTeeArrow,270,50.5,"{{Row[{""x"", ""↤"", ""y"", ""↤"", ""…""}]}}","Row[{""LeftTeeArrow"", ""["", ""x"", "","", ""y"", "","", ""…"", ""]""}]",False,Binary,Infix,None,380,
LeftTeeVector,LeftTeeVector,270,50.5,"{{Row[{""x"", ""⥚"", ""y"", ""⥚"", ""…""}]}}","Row[{""LeftTeeVector"", ""["", ""x"", "","", ""y"", "","", ""…"", ""]""}]",False,Binary,Infix,None,380,
LeftVector,LeftVector,270,50.5,"{{Row[{""x"", ""↼"", ""y"", ""↼"", ""…""}]}}","Row[{""LeftVector"", ""["", ""x"", "","", ""y"", "","", ""…"", ""]""}]",False,Binary,Infix,None,380,
LeftVectorBar,LeftVectorBar,270,50.5,"{{Row[{""x"", ""⥒"", ""y"", ""⥒"", ""…""}]}}","Row[{""LeftVectorBar"", ""["", ""x"", "","", ""y"", "","", ""…"", ""]""}]",False,Binary,Infix,None,380,
LowerLeftArrow,LowerLeftArrow,270,50.5,"{{Row[{""x"", ""↙"", ""y"", ""↙"", ""…""}]}}","Row[{""LowerLeftArrow"", ""["", ""x"", "","", ""y"", "","", ""…"", ""]""}]",False,Binary,Infix,None,380,
LowerRightArrow,LowerRightArrow,270,50.5,"{{Row[{""x"", ""↘"", ""y"", ""↘"", ""…""}]}}","Row[{""LowerRightArrow"", ""["", ""x"", "","", ""y"", "","", ""…"", ""]""}]",False,Binary,Infix,None,380,
RightArrow,RightArrow,270,50.5,"{{Row[{""x"", ""→"", ""y"", ""→"", ""…""}]}}","Row[{""RightArrow"", ""["", ""x"", "","", ""y"", "","", ""…"", ""]""}]",False,Binary,Infix,None,380,
RightArrowBar,RightArrowBar,270,50.5,"{{Row[{""x"", ""⇥"", ""y"", ""⇥"", ""…""}]}}","Row[{""RightArrowBar"", ""["", ""x"", "","", ""y"", "","", ""…"", ""]""}]",False,Binary,Infix,None,380,
RightArrowLeftArrow,RightArrowLeftArrow,270,50.5,"{{Row[{""x"", ""⇄"", ""y"", ""⇄"", ""…""}]}}","Row[{""RightArrowLeftArrow"", ""["", ""x"", "","", ""y"", "","", ""…"", ""]""}]",False,Binary,Infix,None,380,
RightTeeArrow,RightTeeArrow,270,50.5,"{{Row[{""x"", ""↦"", ""y"", ""↦"", ""…""}]}}","Row[{""RightTeeArrow"", ""["", ""x"", "","", ""y"", "","", ""…"", ""]""}]",False,Binary,Infix,None,380,
RightTeeVector,RightTeeVector,270,50.5,"{{Row[{""x"", ""⥛"", ""y"", ""⥛"", ""…""}]}}","Row[{""RightTeeVector"", ""["", ""x"", "","", ""y"", "","", ""…"", ""]""}]",False,Binary,Infix,None,380,
RightVector,RightVector,270,50.5,"{{Row[{""x"", ""⇀"", ""y"", ""⇀"", ""…""}]}}","Row[{""RightVector"", ""["", ""x"", "","", ""y"", "","", ""…"", ""]""}]",False,Binary,Infix,None,380,
RightVectorBar,RightVectorBar,270,50.5,"{{Row[{""x"", ""⥓"", ""y"", ""⥓"", ""…""}]}}","Row[{""RightVectorBar"", ""["", ""x"", "","", ""y"", "","", ""…"", ""]""}]",False,Binary,Infix,None,380,
ShortLeftArrow,ShortLeftArrow,270,50.5,"{{Row[{""x"", """", ""y"", """", ""…""}]}}","Row[{""ShortLeftArrow"", ""["", ""x"", "","", ""y"", "","", ""…"", ""]""}]",False,Binary,Infix,None,380,
ShortRightArrow,ShortRightArrow,270,50.5,"{{Row[{""x"", """", ""y"", """", ""…""}]}}","Row[{""ShortRightArrow"", ""["", ""x"", "","", ""y"", "","", ""…"", ""]""}]",False,Binary,Infix,None,380,
UpperLeftArrow,UpperLeftArrow,270,50.5,"{{Row[{""x"", ""↖"", ""y"", ""↖"", ""…""}]}}","Row[{""UpperLeftArrow"", ""["", ""x"", "","", ""y"", "","", ""…"", ""]""}]",False,Binary,Infix,None,380,
UpperRightArrow,UpperRightArrow,270,50.5,"{{Row[{""x"", ""↗"", ""y"", ""↗"", ""…""}]}}","Row[{""UpperRightArrow"", ""["", ""x"", "","", ""y"", "","", ""…"", ""]""}]",False,Binary,Infix,None,380,
SameQ,SameQ,260,51,"{{Row[{""expr1"", ""==="", ""expr2""}]}}","Row[{""SameQ"", ""["", ""expr1"", "","", ""expr2"", ""]""}]",True,Binary,Infix,,,
UnsameQ,UnsameQ,260,51,"{{Row[{""expr1"", ""=!="", ""expr2""}]}}","Row[{""UnsameQ"", ""["", ""expr1"", "","", ""expr2"", ""]""}]",True,Binary,Infix,,,
Distributed,Distributed,250,52,"{{Row[{""expr1"", """", ""expr2""}]}}","Row[{""Distributed"", ""["", ""expr1"", "","", ""expr2"", ""]""}]",True,Binary,Infix,None,360,
Element,Element,250,52,"{{Row[{""expr1"", ""∈"", ""expr2""}]}}","Row[{""Element"", ""["", ""expr1"", "","", ""expr2"", ""]""}]",True,Binary,Infix,None,360,
NotElement,NotElement,250,52,"{{Row[{""expr1"", ""∉"", ""expr2""}]}}","Row[{""NotElement"", ""["", ""expr1"", "","", ""expr2"", ""]""}]",True,Binary,Infix,None,360,
NotReverseElement,NotReverseElement,250,52,"{{Row[{""x"", ""∌"", ""y"", ""∌"", ""…""}]}}","Row[{""NotReverseElement"", ""["", ""x"", "","", ""y"", "","", ""…"", ""]""}]",False,Binary,Infix,None,360,
NotSquareSubset,NotSquareSubset,250,52,"{{Row[{""x"", """", ""y"", """", ""…""}]}}","Row[{""NotSquareSubset"", ""["", ""x"", "","", ""y"", "","", ""…"", ""]""}]",False,Binary,Infix,None,360,
NotSquareSubsetEqual,NotSquareSubsetEqual,250,52,"{{Row[{""x"", ""⋢"", ""y"", ""⋢"", ""…""}]}}","Row[{""NotSquareSubsetEqual"", ""["", ""x"", "","", ""y"", "","", ""…"", ""]""}]",False,Binary,Infix,None,360,
NotSquareSuperset,NotSquareSuperset,250,52,"{{Row[{""x"", """", ""y"", """", ""…""}]}}","Row[{""NotSquareSuperset"", ""["", ""x"", "","", ""y"", "","", ""…"", ""]""}]",False,Binary,Infix,None,360,
NotSquareSupersetEqual,NotSquareSupersetEqual,250,52,"{{Row[{""x"", ""⋣"", ""y"", ""⋣"", ""…""}]}}","Row[{""NotSquareSupersetEqual"", ""["", ""x"", "","", ""y"", "","", ""…"", ""]""}]",False,Binary,Infix,None,360,
NotSubset,NotSubset,250,52,"{{Row[{""x"", ""⊄"", ""y"", ""⊄"", ""…""}]}}","Row[{""NotSubset"", ""["", ""x"", "","", ""y"", "","", ""…"", ""]""}]",False,Binary,Infix,None,360,
NotSubsetEqual,NotSubsetEqual,250,52,"{{Row[{""x"", ""⊈"", ""y"", ""⊈"", ""…""}]}}","Row[{""NotSubsetEqual"", ""["", ""x"", "","", ""y"", "","", ""…"", ""]""}]",False,Binary,Infix,None,360,
NotSuperset,NotSuperset,250,52,"{{Row[{""x"", ""⊅"", ""y"", ""⊅"", ""…""}]}}","Row[{""NotSuperset"", ""["", ""x"", "","", ""y"", "","", ""…"", ""]""}]",False,Binary,Infix,None,360,
NotSupersetEqual,NotSupersetEqual,250,52,"{{Row[{""x"", ""⊉"", ""y"", ""⊉"", ""…""}]}}","Row[{""NotSupersetEqual"", ""["", ""x"", "","", ""y"", "","", ""…"", ""]""}]",False,Binary,Infix,None,360,
ReverseElement,ReverseElement,250,52,"{{Row[{""x"", ""∋"", ""y"", ""∋"", ""…""}]}}","Row[{""ReverseElement"", ""["", ""x"", "","", ""y"", "","", ""…"", ""]""}]",False,Binary,Infix,None,360,
SquareSubset,SquareSubset,250,52,"{{Row[{""x"", ""⊏"", ""y"", ""⊏"", ""…""}]}}","Row[{""SquareSubset"", ""["", ""x"", "","", ""y"", "","", ""…"", ""]""}]",False,Binary,Infix,None,360,
SquareSubsetEqual,SquareSubsetEqual,250,52,"{{Row[{""x"", ""⊑"", ""y"", ""⊑"", ""…""}]}}","Row[{""SquareSubsetEqual"", ""["", ""x"", "","", ""y"", "","", ""…"", ""]""}]",False,Binary,Infix,None,360,
SquareSuperset,SquareSuperset,250,52,"{{Row[{""x"", ""⊐"", ""y"", ""⊐"", ""…""}]}}","Row[{""SquareSuperset"", ""["", ""x"", "","", ""y"", "","", ""…"", ""]""}]",False,Binary,Infix,None,360,
SquareSupersetEqual,SquareSupersetEqual,250,52,"{{Row[{""x"", ""⊒"", ""y"", ""⊒"", ""…""}]}}","Row[{""SquareSupersetEqual"", ""["", ""x"", "","", ""y"", "","", ""…"", ""]""}]",False,Binary,Infix,None,360,
Subset,Subset,250,52,"{{Row[{""expr1"", ""⊂"", ""expr2""}]}}","Row[{""Subset"", ""["", ""expr1"", "","", ""expr2"", ""]""}]",False,Binary,Infix,None,360,
SubsetEqual,SubsetEqual,250,52,"{{Row[{""x"", ""⊆"", ""y"", ""⊆"", ""…""}]}}","Row[{""SubsetEqual"", ""["", ""x"", "","", ""y"", "","", ""…"", ""]""}]",False,Binary,Infix,None,360,
Superset,Superset,250,52,"{{Row[{""expr1"", ""⊃"", ""expr2""}]}}","Row[{""Superset"", ""["", ""expr1"", "","", ""expr2"", ""]""}]",False,Binary,Infix,None,360,
SupersetEqual,SupersetEqual,250,52,"{{Row[{""x"", ""⊇"", ""y"", ""⊇"", ""…""}]}}","Row[{""SupersetEqual"", ""["", ""x"", "","", ""y"", "","", ""…"", ""]""}]",False,Binary,Infix,None,360,
Not,Not,230,54,"{{Row[{""!"", ""expr""}], Row[{""¬"", ""expr""}]}}","Row[{""Not"", ""["", ""expr"", ""]""}]",True,Unary,Prefix,None,340,
And,And,220,55,"{{Row[{""expr1"", ""&&"", ""expr2"", ""&&"", ""expr3""}], Row[{""expr1"", ""∧"", ""expr2"", ""∧"", ""expr3""}]}}","Row[{""And"", ""["", ""expr1"", "","", ""expr2"", "","", ""expr3"", ""]""}]",True,Binary,Infix,None,330,
Nand,Nand,220,55,"{{Row[{""expr1"", ""⊼"", ""expr2"", ""⊼"", ""expr3""}]}}","Row[{""Nand"", ""["", ""expr1"", "","", ""expr2"", "","", ""expr3"", ""]""}]",True,Binary,Infix,None,330,
Xnor,Xnor,215,56,"{{Row[{""expr1"", """", ""expr2"", """", ""expr3""}]}}","Row[{""Xnor"", ""["", ""expr1"", "","", ""expr2"", "","", ""expr3"", ""]""}]",True,Binary,Infix,None,325,
Xor,Xor,215,56,"{{Row[{""expr1"", ""⊻"", ""expr2"", ""⊻"", ""expr3""}]}}","Row[{""Xor"", ""["", ""expr1"", "","", ""expr2"", "","", ""expr3"", ""]""}]",True,Binary,Infix,None,325,
Nor,Nor,210,57,"{{Row[{""expr1"", ""⊽"", ""expr2"", ""⊽"", ""expr3""}]}}","Row[{""Nor"", ""["", ""expr1"", "","", ""expr2"", "","", ""expr3"", ""]""}]",True,Binary,Infix,None,320,
Or,Or,210,57,"{{Row[{""expr1"", ""||"", ""expr2"", ""||"", ""expr3""}], Row[{""expr1"", ""∨"", ""expr2"", ""∨"", ""expr3""}]}}","Row[{""Or"", ""["", ""expr1"", "","", ""expr2"", "","", ""expr3"", ""]""}]",True,Binary,Infix,None,320,
Equivalent,Equivalent,205,58,"{{Row[{""expr1"", ""⧦"", ""expr2"", ""⧦"", ""expr3""}]}}","Row[{""Equivalent"", ""["", ""expr1"", "","", ""expr2"", "","", ""expr3"", ""]""}]",True,Binary,Infix,None,315,
Implies,Implies,200,59,"{{Row[{""expr1"", """", ""expr2""}]}}","Row[{""Implies"", ""["", ""expr1"", "","", ""expr2"", ""]""}]",True,Binary,Infix,Right,310,
Conditioned,Conditioned,195,59.5,"{{Row[{""expr1"", """", ""expr2""}]}}","Row[{""Conditioned"", ""["", ""expr1"", "","", ""expr2"", ""]""}]",True,Binary,Infix,None,305,
DoubleLeftTee,DoubleLeftTee,190,60,"{{Row[{""expr1"", ""⫤"", ""expr2""}]}}","Row[{""DoubleLeftTee"", ""["", ""expr1"", "","", ""expr2"", ""]""}]",False,Binary,Infix,Left,300,
DoubleRightTee,DoubleRightTee,190,60,"{{Row[{""expr1"", ""⊨"", ""expr2""}]}}","Row[{""DoubleRightTee"", ""["", ""expr1"", "","", ""expr2"", ""]""}]",False,Binary,Infix,Right,300,
DownTee,DownTee,190,60,"{{Row[{""expr1"", ""⊤"", ""expr2""}]}}","Row[{""DownTee"", ""["", ""expr1"", "","", ""expr2"", ""]""}]",False,Binary,Infix,Left,300,
LeftTee,LeftTee,190,60,"{{Row[{""expr1"", ""⊣"", ""expr2""}]}}","Row[{""LeftTee"", ""["", ""expr1"", "","", ""expr2"", ""]""}]",False,Binary,Infix,Left,300,
RightTee,RightTee,190,60,"{{Row[{""expr1"", ""⊢"", ""expr2""}]}}","Row[{""RightTee"", ""["", ""expr1"", "","", ""expr2"", ""]""}]",False,Binary,Infix,Right,300,
UpTee,UpTee,190,60,"{{Row[{""expr1"", ""⊥"", ""expr2""}]}}","Row[{""UpTee"", ""["", ""expr1"", "","", ""expr2"", ""]""}]",False,Binary,Infix,Left,390,
SuchThat,SuchThat,180,61,"{{Row[{""expr1"", ""∍"", ""expr2""}]}}","Row[{""SuchThat"", ""["", ""expr1"", "","", ""expr2"", ""]""}]",False,Binary,Infix,Right,290,
Repeated,Repeated,170,62,"{{Row[{""expr"", ""..""}]}}","Row[{""Repeated"", ""["", ""expr"", ""]""}]",True,Unary,Postfix,,,
RepeatedNull,RepeatedNull,170,62,"{{Row[{""expr"", ""...""}]}}","Row[{""RepeatedNull"", ""["", ""expr"", ""]""}]",True,Unary,Postfix,,,
Alternatives,Alternatives,160,63,"{{Row[{""expr1"", ""|"", ""expr2""}]}}","Row[{""Alternatives"", ""["", ""expr1"", "","", ""expr2"", ""]""}]",True,Binary,Infix,,,
Pattern,Pattern,150,64,"{{Row[{""symb"", "":"", ""expr""}]}}","Row[{""Pattern"", ""["", ""symb"", "","", ""expr"", ""]""}]",True,Binary,Infix,,,
Optional,Optional,140,64.5,"{{Row[{""patt"", "":"", ""expr""}]}}","Row[{""Optional"", ""["", ""patt"", "","", ""expr"", ""]""}]",True,Binary,Infix,,,
StringExpression,StringExpression,135,65,"{{Row[{""expr1"", ""~~"", ""expr2"", ""~~"", ""expr3""}]}}","Row[{""StringExpression"", ""["", ""expr1"", "","", ""exrp2"", "", "", ""expr3"", ""]""}]",True,Binary,Infix,,,
Condition,Condition,130,66,"{{Row[{""expr1"", ""/;"", ""expr2""}]}}","Row[{""Condition"", ""["", ""expr1"", "","", ""expr2"", ""]""}]",True,Binary,Infix,,,
TwoWayRule,TwoWayRule,125,66.5,"{{Row[{""expr1"", ""<->"", ""expr2""}], Row[{""expr1"", """", ""expr2""}]}}","Row[{""TwoWayRule"", ""["", ""expr1"", "","", ""expr2"", ""]""}]",True,Binary,Infix,Right,255,
Rule,Rule,120,67,"{{Row[{""expr1"", ""->"", ""expr2""}], Row[{""expr1"", """", ""expr2""}]}}","Row[{""Rule"", ""["", ""expr1"", "","", ""expr2"", ""]""}]",True,Binary,Infix,Right,250,
RuleDelayed,RuleDelayed,120,67,"{{Row[{""expr1"", "":>"", ""expr2""}], Row[{""expr1"", """", ""expr2""}]}}","Row[{""RuleDelayed"", ""["", ""expr1"", "","", ""expr2"", ""]""}]",True,Binary,Infix,Right,250,
ReplaceAll,ReplaceAll,110,68,"{{Row[{""expr1"", ""/."", ""expr2""}]}}","Row[{""ReplaceAll"", ""["", ""expr1"", "","", ""expr2"", ""]""}]",True,Binary,Infix,,,
ReplaceRepeated,ReplaceRepeated,110,68,"{{Row[{""expr1"", ""//."", ""expr2""}]}}","Row[{""ReplaceRepeated"", ""["", ""expr1"", "","", ""expr2"", ""]""}]",True,Binary,Infix,,,
AddTo,AddTo,100,69,"{{Row[{""expr1"", ""+="", ""expr2""}]}}","Row[{""AddTo"", ""["", ""expr1"", "","", ""expr2"", ""]""}]",True,Binary,Infix,,,
DivideBy,DivideBy,100,69,"{{Row[{""expr1"", ""/="", ""expr2""}]}}","Row[{""DivideBy"", ""["", ""expr1"", "","", ""expr2"", ""]""}]",True,Binary,Infix,,,
SubtractFrom,SubtractFrom,100,69,"{{Row[{""expr1"", ""-="", ""expr2""}]}}","Row[{""SubtractFrom"", ""["", ""expr1"", "","", ""expr2"", ""]""}]",True,Binary,Infix,,,
TimesBy,TimesBy,100,69,"{{Row[{""expr1"", ""*="", ""expr2""}]}}","Row[{""TimesBy"", ""["", ""expr1"", "","", ""expr2"", ""]""}]",True,Binary,Infix,,,
Function,Function,90,70,"{{Row[{""expr"", ""&""}]}}","Row[{""Function"", ""["", ""expr"", ""]""}]",True,Unary,Postfix,,,
Colon,Colon,80,71,"{{Row[{""expr1"", ""∶"", ""expr2""}]}}","Row[{""Colon"", ""["", ""expr1"", "","", ""expr2"", ""]""}]",False,Binary,Infix,None,205,
FunctionCallPostfix,Postfix,70,72,"{{Row[{""expr1"", ""//"", ""expr2""}]}}","Row[{""expr2"", ""["", ""expr1"", ""]""}]",True,Binary,Infix,Left,,Postfix[f[x]] will display as x//f. Precedence identifies Postfix with this operator.
VerticalSeparator,VerticalSeparator,60,73,"{{Row[{""expr1"", """", ""expr2""}]}}","Row[{""VerticalSeparator"", ""["", ""expr1"", "","", ""expr2"", ""]""}]",False,Binary,Infix,None,202,
Because,Because,50,74,"{{Row[{""expr1"", ""∵"", ""expr2""}]}}","Row[{""Because"", ""["", ""expr1"", "","", ""expr2"", ""]""}]",False,Binary,Infix,Left,201,
Therefore,Therefore,50,74,"{{Row[{""expr1"", ""∴"", ""expr2""}]}}","Row[{""Therefore"", ""["", ""expr1"", "","", ""expr2"", ""]""}]",False,Binary,Infix,Right,201,
ParameterizedFunction,Function,40,75,"{{Row[{""expr1"", """", ""expr2""}]}}","Row[{""Function"", ""["", ""{"", ""expr1"", ""}"", "","", ""expr2"", ""]""}]",True,Binary,Infix,Right,190,
Set,Set,40,75,"{{Row[{""expr1"", ""="", ""expr2""}]}}","Row[{""Set"", ""["", ""expr1"", "","", ""expr2"", ""]""}]",True,Binary,Infix,,,
SetDelayed,SetDelayed,40,75,"{{Row[{""expr1"", "":="", ""expr2""}]}}","Row[{""SetDelayed"", ""["", ""expr1"", "","", ""expr2"", ""]""}]",True,Binary,Infix,,,
TagSet,TagSet,40,75,"{{Row[{""symb"", ""/:"", ""expr1"", ""="", ""expr2""}]}}","Row[{""TagSet"", ""["", ""symb"", "","", ""expr1"", "","", ""expr2"", ""]""}]",True,Ternary,Infix,,,
TagSetDelayed,TagSetDelayed,40,75,"{{Row[{""symb"", ""/:"", ""expr1"", "":="", ""expr2""}]}}","Row[{""TagSetDelayed"", ""["", ""symb"", "","", ""expr1"", "","", ""expr2"", ""]""}]",True,Ternary,Infix,,,
TagUnset,TagUnset,40,75,"{{Row[{""symb"", ""/;"", ""expr"", ""=.""}]}}","Row[{""TagUnset"", ""["", ""symb"", "","", ""expr"", ""]""}]",True,Binary,Infix,,,
Unset,Unset,40,75,"{{Row[{""expr"", ""=.""}]}}","Row[{""Unset"", ""["", ""expr"", ""]""}]",True,Unary,Postfix,,,
UpSet,UpSet,40,75,"{{Row[{""expr1"", ""^="", ""expr2""}]}}","Row[{""UpSet"", ""["", ""expr1"", "","", ""expr2"", ""]""}]",True,Binary,Infix,,,
UpSetDelayed,UpSetDelayed,40,75,"{{Row[{""expr1"", ""^:="", ""expr2""}]}}","Row[{""UpSetDelayed"", ""["", ""expr1"", "","", ""expr2"", ""]""}]",True,Binary,Infix,,,
Put,Put,30,76,"{{Row[{""expr"", "">>"", ""filename""}]}}","Row[{""Put"", ""["", ""expr"", "","", ""\"""", ""filename"", ""\"""", ""]""}]",True,Binary,Infix,,,
PutAppend,PutAppend,30,76,"{{Row[{""expr"", "">>>"", ""filename""}]}}","Row[{""PutAppend"", ""["", ""expr"", "","", ""\"""", ""filename"", ""\"""", ""]""}]",True,Binary,Infix,,,
CompoundExpression,CompoundExpression,10,77,"{{Row[{""expr1"", "";"", ""expr2"", "";"", ""expr""}]}}","Row[{""CompoundExpression"", ""["", ""expr1"", "","", ""expr2"", "","", ""expr3"", ""]""}]",True,Binary,Infix,,,
CompoundExpressionNull,CompoundExpression,10,77,"{{Row[{""expr1"", "";"", ""expr2"", "";""}]}}","Row[{""CompoundExpression"", ""["", ""expr1"", "","", ""expr2"", "","", ""Null"", ""]""}]",True,Binary,Infix,,,
FormBox,FormBox,5,78,"{{Row[{""expr1"", ""\\`"", ""expr2""}]}}","Row[{""FormBox"", ""["", ""expr2"", "","", ""expr1"", ""]""}]",True,Binary,Infix,,,