"AngleBracket","",-10,"{""〈""}","{}","{""〉""}","{{""〈"", ""expr"", ""〉""}}","Row[{""AngleBracket"", ""["", ""expr"", "","", ""…"", ""]""}]","n-ary","Matchfix","Non","AngleBracket[expr, \[Ellipsis]]"
"Association","",-10,"{""<|"", """"}","{}","{""|>"", """"}","{{""<|"", ""expr"", ""|>""}, {"""", ""expr"", """"}}","Row[{""Association"", ""["", ""expr"", "","", ""…"", ""]""}]","n-ary","Matchfix","Non","Association[expr, \[Ellipsis]]"
"BracketingBar","",-10,"{""""}","{}","{""""}","{{"""", ""expr"", """"}}","Row[{""BracketingBar"", ""["", ""expr"", "","", ""…"", ""]""}]","n-ary","Matchfix","Non","BracketingBar[expr, \[Ellipsis]]"
"Ceiling","",-10,"{""⌈""}","{}","{""⌉""}","{{""⌈"", ""expr"", ""⌉""}}","Row[{""Ceiling"", ""["", ""expr"", ""]""}]","Unary","Matchfix","Non","Ceiling[expr]"
"DoubleBracketingBar","",-10,"{""""}","{}","{""""}","{{"""", ""expr"", """"}}","Row[{""DoubleBracketingBar"", ""["", ""expr"", "","", ""…"", ""]""}]","n-ary","Matchfix","Non","DoubleBracketingBar[expr, \[Ellipsis]]"
"Floor","",-10,"{""⌊""}","{}","{""⌋""}","{{""⌊"", ""expr"", ""⌋""}}","Row[{""Floor"", ""["", ""expr"", ""]""}]","Unary","Matchfix","Non","Floor[expr]"
"List","",-10,"{""{""}","{}","{""}""}","{{""{"", ""expr"", ""}""}}","Row[{""List"", ""["", ""expr"", "","", ""…"", ""]""}]","n-ary","Matchfix","Non","List[expr, \[Ellipsis]]"
"AutoMatch","",-10,"{""""}","{}","{""""}","{{"""", ""expr"", """"}}","Row[{""AutoMatch"", ""["", ""expr"", ""]""}]","Unary","Matchfix","Non","AutoMatch[expr]"
"Skeleton","",-10,"{""""}","{}","{""""}","{{"""", ""n"", """"}}","Row[{""Skeleton"", ""["", ""n"", ""]""}]","Unary","Matchfix","Non","Skeleton[n]"
"CurlyDoubleQuote","",-10,"{""“""}","{}","{""”""}","{{""“"", ""expr"", ""”""}}","Row[{""CurlyDoubleQuote"", ""["", ""expr"", ""]""}]","Unary","Matchfix","Non","CurlyDoubleQuote[expr]"
"CurlyQuote","",-10,"{""‘""}","{}","{""’""}","{{""‘"", ""expr"", ""’""}}","Row[{""CurlyQuote"", ""["", ""expr"", ""]""}]","Unary","Matchfix","Non","CurlyQuote[expr]"
"FullwidthParenthesis","",-10,"{""（""}","{}","{""）""}","{{""（"", ""expr"", ""）""}}","","Unary","Matchfix","Non",""
"DoubleAngleBracket","",-10,"{""《""}","{}","{""》""}","{{""《"", ""expr"", ""》""}}","","Unary","Matchfix","Non",""
"FullwidthAngleBracket","",-10,"{""〈""}","{}","{""〉""}","{{""〈"", ""expr"", ""〉""}}","","Unary","Matchfix","Non",""
"FullwidthSquareBracket","",-10,"{""［""}","{}","{""］""}","{{""［"", ""expr"", ""］""}}","","Unary","Matchfix","Non",""
"TortoiseShellBracket","",-10,"{""〔""}","{}","{""〕""}","{{""〔"", ""expr"", ""〕""}}","","Unary","Matchfix","Non",""
"BlackLenticularBracket","",-10,"{""【""}","{}","{""】""}","{{""【"", ""expr"", ""】""}}","","Unary","Matchfix","Non",""
"WhiteCornerBracket","",-10,"{""『""}","{}","{""』""}","{{""『"", ""expr"", ""』""}}","","Unary","Matchfix","Non",""
"CornerBracket","",-10,"{""「""}","{}","{""」""}","{{""「"", ""expr"", ""」""}}","","Unary","Matchfix","Non",""
"FullwidthCurlyBracket","",-10,"{""｛""}","{}","{""｝""}","{{""｛"", ""expr"", ""｝""}}","","Unary","Matchfix","Non",""
"BoxGroup","",-10,"{""\(""}","{}","{""\)""}","{{""\("", ""expr"", ""\)""}}","","Unary","Matchfix","Non",""
"Parentheses","",-10,"{""(""}","{}","{"")""}","{{""("", ""expr"", "")""}}","","Unary","Matchfix","Non",""
"NumberBase","X",-10,"{}","{""^^""}","{}","{{""n"", ""^^"", ""digits""}}","{{Row[{""n"", ""^^"", ""digits""}]}}","Binary","Infix","Non",""
"NumberMagnitude","",-10,"{}","{""*^""}","{}","{{""number"", ""*^"", ""magnitude""}}","{{Row[{""number"", ""*^"", ""magnitude""}]}}","Binary","Infix","Non",""
"NumberPrecisionPostfix","",-10,"{}","{""`""}","{}","{{""number"", ""`""}}","{{Row[{""number"", ""`""}]}}","Unary","Postfix","Left",""
"NumberPrecision","",-10,"{}","{""`""}","{}","{{""number"", ""`"", ""s""}}","{{Row[{""number"", ""`"", ""s""}]}}","Binary","Infix","Non",""
"NumberAccuracy","",-10,"{}","{""``""}","{}","{{""number"", ""``"", ""s""}}","{{Row[{""number"", ""``"", ""s""}]}}","Binary","Infix","Non",""
"ContextPathSeparator","X",-10,"{}","{""`""}","{}","{{""symb1"", ""`"", ""symb2""}}","{{Row[{""symb1"", ""`"", ""symb2""}]}}","","","Non",""
"MessageName","",1060,"{}","{""::""}","{}","{{""expr"", ""::"", ""string""}}","Row[{""MessageName"", ""["", ""expr"", "","", ""\"""", ""string"", ""\"""", ""]""}]","Binary","Infix","Non","MessageName[expr, ""string""]"
"SlotNumber","X",1050,"{""#""}","{}","{}","{{""#"", ""n""}}","Row[{""Slot"", ""["", ""n"", ""]""}]","Unary","Prefix","Non","Slot[n]"
"SlotSequenceNumber","X",1050,"{""##""}","{}","{}","{{""##"", ""n""}}","Row[{""SlotSequence"", ""["", ""n"", ""]""}]","Unary","Prefix","Non","SlotSequence[n]"
"Slot","X",1040,"{""#""}","{}","{}","{{""#""}}","Row[{""Slot"", ""["", ""1"", ""]""}]","Nullary","None","Non","Slot[1]"
"SlotSequence","X",1040,"{""##""}","{}","{}","{{""##""}}","Row[{""SlotSequence"", ""["", ""1"", ""]""}]","Nullary","None","Non","SlotSequence[1]"
"Out","",1030,"{""%%""}","{}","{""%""}","{{""%%"", ""…"", ""%""}}","Row[{""Out"", ""["", ""-"", ""n"", ""]""}]","Nullary","None","Non","Out[-n]"
"OutNumber","",1020,"{""%""}","{}","{}","{{""%"", ""n""}}","Row[{""Out"", ""["", ""n"", ""]""}]","Unary","Prefix","Non","Out[n]"
"BlankHead","",1010,"{""_""}","{}","{}","{{""_"", ""expr""}}","Row[{""Blank"", ""["", ""expr"", ""]""}]","Unary","Prefix","Non","Blank[expr]"
"BlankSequenceHead","",1010,"{""__""}","{}","{}","{{""__"", ""expr""}}","Row[{""BlankSequence"", ""["", ""expr"", ""]""}]","Unary","Prefix","Non","BlankSequence[expr]"
"BlankNullSequenceHead","",1010,"{""___""}","{}","{}","{{""___"", ""expr""}}","Row[{""BlankNullSequence"", ""["", ""expr"", ""]""}]","Unary","Prefix","Non","BlankNullSequence[expr]"
"NamedBlankHead","",1000,"{}","{""_""}","{}","{{""symb"", ""_"", ""expr""}}","Row[{""Pattern"", ""["", ""symb"", "","", ""Blank"", ""["", ""expr"", ""]"", ""]""}]","Binary","Infix","Non","Pattern[symb, Blank[expr]]"
"NamedBlankSequenceHead","",1000,"{}","{""__""}","{}","{{""symb"", ""__"", ""expr""}}","Row[{""Pattern"", ""["", ""symb"", "","", ""BlankSequence"", ""["", ""expr"", ""]"", ""]""}]","Binary","Infix","Non","Pattern[symb, BlankSequence[expr]]"
"NamedBlankNullSequenceHead","",1000,"{}","{""___""}","{}","{{""symb"", ""___"", ""expr""}}","Row[{""Pattern"", ""["", ""symb"", "","", ""BlankNullSequence"", ""["", ""expr"", ""]"", ""]""}]","Binary","Infix","Non","Pattern[symb, BlankNullSequence[expr]]"
"NamedBlank","",990,"{}","{""_""}","{}","{{""symb"", ""_""}}","Row[{""Pattern"", ""["", ""symb"", "","", ""Blank"", ""["", ""]"", ""]""}]","Unary","Postfix","Non","Pattern[symb, Blank[]]"
"NamedBlankSequence","",990,"{}","{""__""}","{}","{{""symb"", ""__""}}","Row[{""Pattern"", ""["", ""symb"", "","", ""BlankSequence"", ""["", ""]"", ""]""}]","Unary","Postfix","Non","Pattern[symb, BlankSequence[]]"
"NamedBlankOptional","",990,"{}","{""_.""}","{}","{{""symb"", ""_.""}}","Row[{""Optional"", ""["", ""Pattern"", "","", ""Blank"", ""["", ""]"", ""]"", ""]""}]","Unary","Postfix","Non","Optional[Pattern[symb, Blank[]]]"
"NamedBlankNullSequence","",990,"{}","{""___""}","{}","{{""symb"", ""___""}}","Row[{""Pattern"", ""["", ""symb"", "","", ""BlankNullSequence"", ""["", ""]"", ""]""}]","Unary","Postfix","Non","Pattern[symb, BlankNullSequence[]]"
"Blank","",980,"{""_""}","{}","{}","{{""_""}}","Row[{""Blank"", ""["", ""]""}]","Nullary","None","Non","Blank[]"
"BlankNullSequence","",980,"{""___""}","{}","{}","{{""___""}}","Row[{""BlankNullSequence"", ""["", ""]""}]","Nullary","None","Non","BlankNullSequence[]"
"BlankOptional","",980,"{""_.""}","{}","{}","{{""_.""}}","Row[{""Optional"", ""["", ""Blank"", ""]""}]","Nullary","None","Non","Optional[Blank[]]"
"BlankSequence","",980,"{""__""}","{}","{}","{{""__""}}","Row[{""BlankSequence"", ""["", ""]""}]","Nullary","None","Non","BlankSequence[]"
"Get","",970,"{""<<""}","{}","{}","{{""<<"", ""filename""}}","Row[{""Get"", ""["", ""\"""", ""filename""}]","Unary","Prefix","Right","Get[""filename""]"
"InvisiblePrefixScriptBase","",960,"{""""}","{}","{}","{{"""", ""expr""}}","Row[{""InvisiblePrefixScriptBase"", ""["", ""expr"", ""]""}]","Unary","Prefix","Right",""
"InvisiblePostfixScriptBase","",960,"{}","{""""}","{}","{{""expr"", """"}}","Row[{""InvisiblePostfixScriptBase"", ""["", ""expr"", ""]""}]","Unary","Postfix","Left",""
"PartialOverscriptBox","",950,"{}","{""""}","{}","{{""expr"", """"}}","Row[{""FractionBox"", ""["", ""expr"", "",\""\\["", ""Placeholder"", ""]\""]""}]","Unary","Postfix","Left",""
"OverscriptBox","X",950,"{}","{""\&""}","{}","{{""expr1"", ""\&"", ""expr2""}}","Row[{""OverscriptBox"", ""["", ""expr1"", "","", ""expr2"", ""]""}]","Binary","Infix","Missing[""Unknown""]",""
"PartialUnderscriptBox","",950,"{}","{""""}","{}","{{""expr"", """"}}","Row[{""FractionBox"", ""["", ""expr"", "",\""\\["", ""Placeholder"", ""]\""]""}]","Unary","Postfix","Left",""
"UnderscriptBox","X",950,"{}","{""\+""}","{}","{{""expr1"", ""\+"", ""expr2""}}","Row[{""UnderscriptBox"", ""["", ""expr1"", "","", ""expr2"", ""]""}]","Binary","Infix","Missing[""Unknown""]",""
"OverunderscriptBox","X",940,"{}","{""\&""}","{""\%""}","{{""expr1"", ""\&"", ""expr2"", ""\%"", ""expr3""}}","Row[{""UnderoverscriptBox"", ""["", ""expr1"", "","", ""expr3"", ""]""}]","Ternary","Infix","Missing[""Unknown""]",""
"UnderoverscriptBox","X",940,"{}","{""\+""}","{""\%""}","{{""expr1"", ""\+"", ""expr2"", ""\%"", ""expr3""}}","Row[{""UnderoverscriptBox"", ""["", ""expr1"", "","", ""expr2"", ""]""}]","Ternary","Infix","Missing[""Unknown""]",""
"InterpretBoxes","X",930,"{""\*""}","{}","{}","{{""\*"", ""expr""}}","","Unary","Prefix","Right",""
"PartialSubscriptBox","X",920,"{}","{""""}","{}","{{""expr"", """"}}","Row[{""FractionBox"", ""["", ""expr"", "",\""\\["", ""Placeholder"", ""]\""]""}]","Unary","Postfix","Left",""
"SubscriptBox","X",920,"{}","{""\_""}","{}","{{""expr1"", ""\_"", ""expr2""}}","Row[{""SubscriptBox"", ""["", ""expr1"", "","", ""expr2"", ""]""}]","Binary","Infix","Missing[""Unknown""]",""
"SubsuperscriptBox","X",920,"{}","{""\_""}","{""\%""}","{{""expr1"", ""\_"", ""expr2"", ""\%"", ""expr3""}}","Row[{""SubsuperscriptBox"", ""["", ""expr1"", "","", ""expr2"", ""]""}]","Ternary","Infix","Missing[""Unknown""]",""
"PatternTest","",910,"{}","{""?""}","{}","{{""expr1"", ""?"", ""expr2""}}","Row[{""PatternTest"", ""["", ""expr1"", "","", ""expr2"", ""]""}]","Binary","Infix","Missing[""Unknown""]","PatternTest[expr1, expr2]"
"InlinePart","",900,"{}","{""""}","{}","{{""expr1"", """", ""expr2""}}","Row[{""InlinePart"", ""["", ""expr1"", "","", ""expr2"", ""]""}]","Binary","Infix","Right","RowBox[List[expr1, InlinePart, expr2]]"
"Part","",890,"{}","{""[["", ""〚""}","{""]]"", ""〛""}","{{""expr1"", ""[["", ""expr2"", ""]]""}, {""expr1"", ""〚"", ""expr2"", ""〛""}}","Row[{""Part"", ""["", ""expr1"", "","", ""expr2"", ""]""}]","n-ary","Postfix","Left","Part[expr1, expr2, \[Ellipsis]]"
"FunctionApply","",890,"{}","{""[""}","{""]""}","{{""expr1"", ""["", ""expr2"", ""]""}}","{{Row[{""expr1"", ""["", ""expr2"", "","", ""…"", ""]""}]}}","n-ary","Postfix","Left","expr1[expr2, \[Ellipsis]]"
"Decrement","",880,"{}","{""--""}","{}","{{""expr"", ""--""}}","Row[{""Decrement"", ""["", ""expr"", ""]""}]","Unary","Postfix","Left","Decrement[expr]"
"Increment","",880,"{}","{""++""}","{}","{{""expr"", ""++""}}","Row[{""Increment"", ""["", ""expr"", ""]""}]","Unary","Postfix","Left","Increment[expr]"
"PreDecrement","",870,"{""--""}","{}","{}","{{""--"", ""expr""}}","Row[{""PreDecrement"", ""["", ""expr"", ""]""}]","Unary","Prefix","Right","PreDecrement[expr]"
"PreIncrement","",870,"{""++""}","{}","{}","{{""++"", ""expr""}}","Row[{""PreIncrement"", ""["", ""expr"", ""]""}]","Unary","Prefix","Right","PreIncrement[expr]"
"Composition","",860,"{}","{""@*""}","{}","{{""expr1"", ""@*"", ""expr2""}}","Row[{""Composition"", ""["", ""expr1"", "","", ""expr2"", ""]""}]","Binary","Infix","None","Composition[expr1, expr2]"
"RightComposition","",850,"{}","{""/*""}","{}","{{""expr1"", ""/*"", ""expr2""}}","Row[{""RightComposition"", ""["", ""expr1"", "","", ""expr2"", ""]""}]","Binary","Infix","None","RightComposition[expr1, expr2]"
"FunctionApplyPrefix","",840,"{}","{""@"", """"}","{}","{{""expr1"", ""@"", ""expr2""}, {""expr1"", """", ""expr2""}}","Row[{""expr1"", ""["", ""expr2"", ""]""}]","Binary","Infix","Right","expr1[expr2]"
"FunctionApplyInfix","",830,"{}","{""~""}","{}","{{""expr1"", ""~"", ""expr2"", ""~"", ""expr3""}}","Row[{""expr2"", ""["", ""expr1"", "","", ""expr3"", ""]""}]","Ternary","Infix","Left","expr2[expr1, expr3]"
"Apply","",820,"{}","{""@@""}","{}","{{""expr1"", ""@@"", ""expr2""}}","Row[{""Apply"", ""["", ""expr1"", "","", ""expr2"", ""]""}]","Binary","Infix","Right","Apply[expr1, expr2]"
"ApplyFirstLevel","",810,"{}","{""@@@""}","{}","{{""expr1"", ""@@@"", ""expr2""}}","Row[{""Apply"", ""["", ""expr1"", "","", ""expr2"", ""{"", ""1"", ""}"", ""]""}]","Binary","Infix","Right","Apply[expr1, expr2, List[1]]"
"Map","",800,"{}","{""/@""}","{}","{{""expr1"", ""/@"", ""expr2""}}","Row[{""Map"", ""["", ""expr1"", "","", ""expr2"", ""]""}]","Binary","Infix","Right","Map[expr1, expr2]"
"MapAll","",800,"{}","{""//@""}","{}","{{""expr1"", ""//@"", ""expr2""}}","Row[{""MapAll"", ""["", ""expr1"", "","", ""expr2"", ""]""}]","Binary","Infix","Right","MapAll[expr1, expr2]"
"Factorial","",790,"{}","{""!""}","{}","{{""expr"", ""!""}}","Row[{""Factorial"", ""["", ""expr"", ""]""}]","Unary","Postfix","Left","Factorial[expr]"
"Factorial2","",790,"{}","{""!!""}","{}","{{""expr"", ""!!""}}","Row[{""Factorial2"", ""["", ""expr"", ""]""}]","Unary","Postfix","Left","Factorial2[expr]"
"Conjugate","",780,"{}","{""""}","{}","{{""expr"", """"}}","Row[{""Conjugate"", ""["", ""expr"", ""]""}]","Unary","Postfix","Left","Conjugate[expr]"
"ConjugateTranspose","",780,"{}","{"""", """"}","{}","{{""expr"", """"}, {""expr"", """"}}","Row[{""ConjugateTranspose"", ""["", ""expr"", ""]""}]","Unary","Postfix","Left","ConjugateTranspose[expr]"
"SuperDagger","",780,"{}","{""^""}","{""†""}","{{""expr"", ""^"", ""†""}}","Row[{""SuperDagger"", ""["", ""expr"", ""]""}]","Unary","Postfix","Left","Power[expr, \[Dagger]]"
"Transpose","",780,"{}","{""""}","{}","{{""expr"", """"}}","Row[{""Transpose"", ""["", ""expr"", ""]""}]","Unary","Postfix","Left","Transpose[expr]"
"Derivative","",770,"{}","{""''""}","{}","{{""expr"", ""''""}}","Row[{""Derivative"", ""["", ""n"", ""]"", ""["", ""expr"", ""]""}]","Unary","Postfix","Left","Derivative[n][expr]"
"StringJoin","",760,"{}","{""<>""}","{}","{{""expr1"", ""<>"", ""expr2""}}","Row[{""StringJoin"", ""["", ""expr1"", "","", ""expr2"", ""]""}]","Binary","Infix","None","StringJoin[expr1, expr2]"
"Power","",750,"{}","{""^""}","{}","{{""expr1"", ""^"", ""expr2""}}","Row[{""Power"", ""["", ""expr1"", "","", ""expr2"", ""]""}]","Binary","Infix","Right","Power[expr1, expr2]"
"PartialSuperscriptBox","",750,"{}","{""""}","{}","{{""expr"", """"}}","Row[{""FractionBox"", ""["", ""expr"", "",\""\\["", ""Placeholder"", ""]\""]""}]","Unary","Postfix","Left",""
"SuperscriptBox","",750,"{}","{""\^""}","{}","{{""expr1"", ""\^"", ""expr2""}}","Row[{""SuperscriptBox"", ""["", ""expr1"", "","", ""expr2"", ""]""}]","Binary","Infix","Right",""
"SupersubscriptBox","",750,"{}","{""\^""}","{""\%""}","{{""expr1"", ""\^"", ""expr2"", ""\%"", ""expr3""}}","Row[{""SubsuperscriptBox"", ""["", ""expr1"", "","", ""expr3"", ""]""}]","Ternary","Infix","Right",""
"DoubleDownArrow","",740,"{}","{""⇓""}","{}","{{""x"", ""⇓"", ""y""}}","Row[{""DoubleDownArrow"", ""["", ""x"", "","", ""y"", ""]""}]","Binary","Infix","None","DoubleDownArrow[x, y]"
"DoubleLongLeftArrow","",740,"{}","{""⟸""}","{}","{{""x"", ""⟸"", ""y""}}","Row[{""DoubleLongLeftArrow"", ""["", ""x"", "","", ""y"", ""]""}]","Binary","Infix","None","DoubleLongLeftArrow[x, y]"
"DoubleLongLeftRightArrow","",740,"{}","{""⟺""}","{}","{{""x"", ""⟺"", ""y""}}","Row[{""DoubleLongLeftRightArrow"", ""["", ""x"", "","", ""y"", ""]""}]","Binary","Infix","None","DoubleLongLeftRightArrow[x, y]"
"DoubleLongRightArrow","",740,"{}","{""⟹""}","{}","{{""x"", ""⟹"", ""y""}}","Row[{""DoubleLongRightArrow"", ""["", ""x"", "","", ""y"", ""]""}]","Binary","Infix","None","DoubleLongRightArrow[x, y]"
"DoubleUpArrow","",740,"{}","{""⇑""}","{}","{{""x"", ""⇑"", ""y""}}","Row[{""DoubleUpArrow"", ""["", ""x"", "","", ""y"", ""]""}]","Binary","Infix","None","DoubleUpArrow[x, y]"
"DoubleUpDownArrow","",740,"{}","{""⇕""}","{}","{{""x"", ""⇕"", ""y""}}","Row[{""DoubleUpDownArrow"", ""["", ""x"", "","", ""y"", ""]""}]","Binary","Infix","None","DoubleUpDownArrow[x, y]"
"DownArrow","",740,"{}","{""↓""}","{}","{{""x"", ""↓"", ""y""}}","Row[{""DownArrow"", ""["", ""x"", "","", ""y"", ""]""}]","Binary","Infix","None","DownArrow[x, y]"
"DownArrowBar","",740,"{}","{""⤓""}","{}","{{""x"", ""⤓"", ""y""}}","Row[{""DownArrowBar"", ""["", ""x"", "","", ""y"", ""]""}]","Binary","Infix","None","DownArrowBar[x, y]"
"DownArrowUpArrow","",740,"{}","{""⇵""}","{}","{{""x"", ""⇵"", ""y""}}","Row[{""DownArrowUpArrow"", ""["", ""x"", "","", ""y"", ""]""}]","Binary","Infix","None","DownArrowUpArrow[x, y]"
"DownTeeArrow","",740,"{}","{""↧""}","{}","{{""x"", ""↧"", ""y""}}","Row[{""DownTeeArrow"", ""["", ""x"", "","", ""y"", ""]""}]","Binary","Infix","None","DownTeeArrow[x, y]"
"LeftDownTeeVector","",740,"{}","{""⥡""}","{}","{{""x"", ""⥡"", ""y""}}","Row[{""LeftDownTeeVector"", ""["", ""x"", "","", ""y"", ""]""}]","Binary","Infix","None","LeftDownTeeVector[x, y]"
"LeftDownVector","",740,"{}","{""⇃""}","{}","{{""x"", ""⇃"", ""y""}}","Row[{""LeftDownVector"", ""["", ""x"", "","", ""y"", ""]""}]","Binary","Infix","None","LeftDownVector[x, y]"
"LeftDownVectorBar","",740,"{}","{""⥙""}","{}","{{""x"", ""⥙"", ""y""}}","Row[{""LeftDownVectorBar"", ""["", ""x"", "","", ""y"", ""]""}]","Binary","Infix","None","LeftDownVectorBar[x, y]"
"LeftUpDownVector","",740,"{}","{""⥑""}","{}","{{""x"", ""⥑"", ""y""}}","Row[{""LeftUpDownVector"", ""["", ""x"", "","", ""y"", ""]""}]","Binary","Infix","None","LeftUpDownVector[x, y]"
"LeftUpTeeVector","",740,"{}","{""⥠""}","{}","{{""x"", ""⥠"", ""y""}}","Row[{""LeftUpTeeVector"", ""["", ""x"", "","", ""y"", ""]""}]","Binary","Infix","None","LeftUpTeeVector[x, y]"
"LeftUpVector","",740,"{}","{""↿""}","{}","{{""x"", ""↿"", ""y""}}","Row[{""LeftUpVector"", ""["", ""x"", "","", ""y"", ""]""}]","Binary","Infix","None","LeftUpVector[x, y]"
"LeftUpVectorBar","",740,"{}","{""⥘""}","{}","{{""x"", ""⥘"", ""y""}}","Row[{""LeftUpVectorBar"", ""["", ""x"", "","", ""y"", ""]""}]","Binary","Infix","None","LeftUpVectorBar[x, y]"
"LongLeftArrow","",740,"{}","{""⟵""}","{}","{{""x"", ""⟵"", ""y""}}","Row[{""LongLeftArrow"", ""["", ""x"", "","", ""y"", ""]""}]","Binary","Infix","None","LongLeftArrow[x, y]"
"LongLeftRightArrow","",740,"{}","{""⟷""}","{}","{{""x"", ""⟷"", ""y""}}","Row[{""LongLeftRightArrow"", ""["", ""x"", "","", ""y"", ""]""}]","Binary","Infix","None","LongLeftRightArrow[x, y]"
"LongRightArrow","",740,"{}","{""⟶""}","{}","{{""x"", ""⟶"", ""y""}}","Row[{""LongRightArrow"", ""["", ""x"", "","", ""y"", ""]""}]","Binary","Infix","None","LongRightArrow[x, y]"
"ReverseUpEquilibrium","",740,"{}","{""⥯""}","{}","{{""x"", ""⥯"", ""y""}}","Row[{""ReverseUpEquilibrium"", ""["", ""x"", "","", ""y"", ""]""}]","Binary","Infix","None","ReverseUpEquilibrium[x, y]"
"RightDownTeeVector","",740,"{}","{""⥝""}","{}","{{""x"", ""⥝"", ""y""}}","Row[{""RightDownTeeVector"", ""["", ""x"", "","", ""y"", ""]""}]","Binary","Infix","None","RightDownTeeVector[x, y]"
"RightDownVector","",740,"{}","{""⇂""}","{}","{{""x"", ""⇂"", ""y""}}","Row[{""RightDownVector"", ""["", ""x"", "","", ""y"", ""]""}]","Binary","Infix","None","RightDownVector[x, y]"
"RightDownVectorBar","",740,"{}","{""⥕""}","{}","{{""x"", ""⥕"", ""y""}}","Row[{""RightDownVectorBar"", ""["", ""x"", "","", ""y"", ""]""}]","Binary","Infix","None","RightDownVectorBar[x, y]"
"RightUpDownVector","",740,"{}","{""⥏""}","{}","{{""x"", ""⥏"", ""y""}}","Row[{""RightUpDownVector"", ""["", ""x"", "","", ""y"", ""]""}]","Binary","Infix","None","RightUpDownVector[x, y]"
"RightUpTeeVector","",740,"{}","{""⥜""}","{}","{{""x"", ""⥜"", ""y""}}","Row[{""RightUpTeeVector"", ""["", ""x"", "","", ""y"", ""]""}]","Binary","Infix","None","RightUpTeeVector[x, y]"
"RightUpVector","",740,"{}","{""↾""}","{}","{{""x"", ""↾"", ""y""}}","Row[{""RightUpVector"", ""["", ""x"", "","", ""y"", ""]""}]","Binary","Infix","None","RightUpVector[x, y]"
"RightUpVectorBar","",740,"{}","{""⥔""}","{}","{{""x"", ""⥔"", ""y""}}","Row[{""RightUpVectorBar"", ""["", ""x"", "","", ""y"", ""]""}]","Binary","Infix","None","RightUpVectorBar[x, y]"
"ShortDownArrow","",740,"{}","{""""}","{}","{{""x"", """", ""y""}}","Row[{""ShortDownArrow"", ""["", ""x"", "","", ""y"", ""]""}]","Binary","Infix","None","ShortDownArrow[x, y]"
"ShortUpArrow","",740,"{}","{""""}","{}","{{""x"", """", ""y""}}","Row[{""ShortUpArrow"", ""["", ""x"", "","", ""y"", ""]""}]","Binary","Infix","None","ShortUpArrow[x, y]"
"UpArrow","",740,"{}","{""↑""}","{}","{{""x"", ""↑"", ""y""}}","Row[{""UpArrow"", ""["", ""x"", "","", ""y"", ""]""}]","Binary","Infix","None","UpArrow[x, y]"
"UpArrowBar","",740,"{}","{""⤒""}","{}","{{""x"", ""⤒"", ""y""}}","Row[{""UpArrowBar"", ""["", ""x"", "","", ""y"", ""]""}]","Binary","Infix","None","UpArrowBar[x, y]"
"UpArrowDownArrow","",740,"{}","{""⇅""}","{}","{{""x"", ""⇅"", ""y""}}","Row[{""UpArrowDownArrow"", ""["", ""x"", "","", ""y"", ""]""}]","Binary","Infix","None","UpArrowDownArrow[x, y]"
"UpDownArrow","",740,"{}","{""↕""}","{}","{{""x"", ""↕"", ""y""}}","Row[{""UpDownArrow"", ""["", ""x"", "","", ""y"", ""]""}]","Binary","Infix","None","UpDownArrow[x, y]"
"UpEquilibrium","",740,"{}","{""⥮""}","{}","{{""x"", ""⥮"", ""y""}}","Row[{""UpEquilibrium"", ""["", ""x"", "","", ""y"", ""]""}]","Binary","Infix","None","UpEquilibrium[x, y]"
"UpTeeArrow","",740,"{}","{""↥""}","{}","{{""x"", ""↥"", ""y""}}","Row[{""UpTeeArrow"", ""["", ""x"", "","", ""y"", ""]""}]","Binary","Infix","None","UpTeeArrow[x, y]"
"Sqrt","",730,"{""√""}","{}","{}","{{""√"", ""expr""}}","Row[{""Sqrt"", ""["", ""expr"", ""]""}]","Unary","Prefix","Right","Sqrt[expr]"
"RadicalBox","",730,"{""\@""}","{}","{""\%""}","{{""\@"", ""expr1"", ""\%"", ""expr2""}}","Row[{""RadicalBox"", ""["", ""expr1"", "","", ""expr2"", ""]""}]","Binary","Prefix","Right",""
"SqrtBox","",730,"{""\@""}","{}","{}","{{""\@"", ""expr""}}","Row[{""SqrtBox"", ""["", ""expr"", ""]""}]","Unary","Prefix","Right",""
"CapitalDifferentialD","",720,"{""""}","{}","{}","{{"""", ""x""}}","Row[{""CapitalDifferentialD"", ""["", ""x"", ""]""}]","Unary","Prefix","Right","CapitalDifferentialD[x]"
"DifferentialD","",720,"{""""}","{}","{}","{{"""", ""x""}}","Row[{""DifferentialD"", ""["", ""x"", ""]""}]","Unary","Prefix","Right","DifferentialD[x]"
"DifferenceDelta","",710,"{""""}","{}","{}","{{"""", ""expr""}}","Row[{""DifferenceDelta"", ""["", ""expr"", ""]""}]","Unary","Prefix","Right",""
"DiscreteRatio","",710,"{""""}","{}","{}","{{"""", ""expr""}}","Row[{""DiscreteRatio"", ""["", ""expr"", ""]""}]","Unary","Prefix","Right",""
"DiscreteShift","",710,"{""""}","{}","{}","{{"""", ""expr""}}","Row[{""DiscreteShift"", ""["", ""expr"", ""]""}]","Unary","Prefix","Right",""
"Laplacian","",710,"{""∆""}","{}","{}","{{""∆"", ""expr""}}","Row[{""Laplacian"", ""["", ""expr"", ""]""}]","Unary","Prefix","Right",""
"PartialD","",710,"{""∂""}","{}","{}","{{""∂"", ""expr""}}","Row[{""PartialD"", ""["", ""expr"", ""]""}]","Unary","Prefix","Right",""
"Del","",710,"{""∇""}","{}","{}","{{""∇"", ""expr""}}","Row[{""Del"", ""["", ""expr"", ""]""}]","Unary","Prefix","Right","Del[expr]"
"Gradient","",700,"{""""}","{}","{}","{{"""", ""expr""}}","Row[{""Gradient"", ""["", ""expr"", ""]""}]","Unary","Prefix","Right",""
"Square","",690,"{""""}","{}","{}","{{"""", ""expr""}}","Row[{""Square"", ""["", ""expr"", ""]""}]","Unary","Prefix","Right","Square[expr]"
"Piecewise","",680,"{""""}","{}","{}","{{"""", ""expr""}}","Row[{""Piecewise"", ""["", ""expr"", ""]""}]","Unary","Prefix","Right",""
"SmallCircle","",670,"{}","{""∘""}","{}","{{""expr1"", ""∘"", ""expr2""}}","Row[{""SmallCircle"", ""["", ""expr1"", "","", ""expr2"", ""]""}]","Binary","Infix","None","SmallCircle[expr1, expr2]"
"CircleDot","",660,"{}","{""⊙""}","{}","{{""expr1"", ""⊙"", ""expr2""}}","Row[{""CircleDot"", ""["", ""expr1"", "","", ""expr2"", ""]""}]","Binary","Infix","None","CircleDot[expr1, expr2]"
"NonCommutativeMultiply","",650,"{}","{""**""}","{}","{{""expr1"", ""**"", ""expr2""}}","Row[{""NonCommutativeMultiply"", ""["", ""expr1"", "","", ""expr2"", ""]""}]","Binary","Infix","None","NonCommutativeMultiply[expr1, expr2]"
"Cross","",640,"{}","{""""}","{}","{{""expr1"", """", ""expr2""}}","Row[{""Cross"", ""["", ""expr1"", "","", ""expr2"", ""]""}]","Binary","Infix","None","Cross[expr1, expr2]"
"Dot","",630,"{}","{"".""}","{}","{{""expr1"", ""."", ""expr2""}}","Row[{""Dot"", ""["", ""expr1"", "","", ""expr2"", ""]""}]","Binary","Infix","None","Dot[expr1, expr2]"
"TensorWedge","",620,"{}","{""""}","{}","{{""expr1"", """", ""expr2""}}","Row[{""TensorWedge"", ""["", ""expr1"", "","", ""expr2"", ""]""}]","Binary","Infix","None","TensorWedge[expr1, expr2]"
"TensorProduct","",610,"{}","{""""}","{}","{{""expr1"", """", ""expr2""}}","Row[{""TensorProduct"", ""["", ""expr1"", "","", ""expr2"", ""]""}]","Binary","Infix","None","TensorProduct[expr1, expr2]"
"PermutationProduct","",600,"{}","{""""}","{}","{{""expr1"", """", ""expr2""}}","Row[{""PermutationProduct"", ""["", ""expr1"", "","", ""expr2"", ""]""}]","Binary","Infix","None","PermutationProduct[expr1, expr2]"
"Curl","",590,"{""""}","{}","{}","{{"""", ""expr""}}","Row[{""Curl"", ""["", ""expr"", ""]""}]","Unary","Prefix","Right",""
"Divergence","",590,"{""""}","{}","{}","{{"""", ""expr""}}","Row[{""Divergence"", ""["", ""expr"", ""]""}]","Unary","Prefix","Right",""
"UnaryMinusPlus","",580,"{""∓""}","{}","{}","{{""∓"", ""expr""}}","Row[{""MinusPlus"", ""["", ""expr"", ""]""}]","Unary","Prefix","Right","MinusPlus[expr]"
"UnaryPlusMinus","",580,"{""±""}","{}","{}","{{""±"", ""expr""}}","Row[{""PlusMinus"", ""["", ""expr"", ""]""}]","Unary","Prefix","Right","PlusMinus[expr]"
"Minus","",580,"{""-"", ""−""}","{}","{}","{{""-"", ""expr""}, {""−"", ""expr""}}","Row[{""Minus"", ""["", ""expr"", ""]""}]","Unary","Prefix","Right","Times[-1, expr]"
"UnaryPlus","",580,"{""+""}","{}","{}","{{""+"", ""expr""}}","Row[{""Plus"", ""["", ""expr"", ""]""}]","Unary","Prefix","Right","Plus[expr]"
"Divides","",570,"{}","{""∣""}","{}","{{""expr1"", ""∣"", ""expr2""}}","Row[{""Divides"", ""["", ""expr1"", "","", ""expr2"", ""]""}]","Binary","Infix","None","Divisible[expr2, expr1]"
"PartialFractionBox","",570,"{}","{""""}","{}","{{""expr"", """"}}","Row[{""FractionBox"", ""["", ""expr"", "",\""\\["", ""Placeholder"", ""]\""]""}]","Unary","Postfix","Left",""
"FractionBox","",570,"{}","{""\/""}","{}","{{""expr1"", ""\/"", ""expr2""}}","Row[{""FractionBox"", ""["", ""expr1"", "","", ""expr2"", ""]""}]","Binary","Infix","Left",""
"Divide","",570,"{}","{""/"", ""÷"", ""∕""}","{}","{{""expr1"", ""/"", ""expr2""}, {""expr1"", ""÷"", ""expr2""}, {""expr1"", ""∕"", ""expr2""}}","Row[{""Divide"", ""["", ""expr1"", "","", ""expr2"", ""]""}]","Binary","Infix","Left","Times[expr1, Power[expr2, -1]]"
"Backslash","",560,"{}","{""∖""}","{}","{{""expr1"", ""∖"", ""expr2""}}","Row[{""Backslash"", ""["", ""expr1"", "","", ""expr2"", ""]""}]","Binary","Infix","None","Backslash[expr1, expr2]"
"Diamond","",550,"{}","{""⋄""}","{}","{{""expr1"", ""⋄"", ""expr2""}}","Row[{""Diamond"", ""["", ""expr1"", "","", ""expr2"", ""]""}]","Binary","Infix","None","Diamond[expr1, expr2]"
"Wedge","",540,"{}","{""⋀""}","{}","{{""expr1"", ""⋀"", ""expr2""}}","Row[{""Wedge"", ""["", ""expr1"", "","", ""expr2"", ""]""}]","Binary","Infix","None","Wedge[expr1, expr2]"
"Vee","",530,"{}","{""⋁""}","{}","{{""x"", ""⋁"", ""y""}}","Row[{""Vee"", ""["", ""x"", "","", ""y"", ""]""}]","Binary","Infix","None","Vee[x, y]"
"CircleTimes","",520,"{}","{""⊗""}","{}","{{""expr1"", ""⊗"", ""expr2""}}","Row[{""CircleTimes"", ""["", ""expr1"", "","", ""expr2"", ""]""}]","Binary","Infix","None","CircleTimes[expr1, expr2]"
"CenterDot","",510,"{}","{""·""}","{}","{{""x"", ""·"", ""y""}}","Row[{""CenterDot"", ""["", ""x"", "","", ""y"", ""]""}]","Binary","Infix","None","CenterDot[x, y]"
"Times","",500,"{}","{""*"", ""×"", ""⁢""}","{}","{{""expr1"", ""*"", ""expr2""}, {""expr1"", ""expr2""}, {""expr1"", ""×"", ""expr2""}, {""expr1"", ""⁢"", ""expr2""}}","Row[{""Times"", ""["", ""expr1"", "","", ""expr2"", ""]""}]","Nullary","None","None","Times[expr1, expr2]"
"Star","",490,"{}","{""⋆""}","{}","{{""expr1"", ""⋆"", ""expr2""}}","Row[{""Star"", ""["", ""expr1"", "","", ""expr2"", ""]""}]","Binary","Infix","None","Star[expr1, expr2]"
"Product","",480,"{""∏""}","{}","{}","{{""∏"", ""expr""}}","Row[{""Product"", ""["", ""expr"", ""]""}]","Unary","Prefix","Right",""
"ContinuedFractionK","",480,"{""""}","{}","{}","{{"""", ""expr""}}","Row[{""ContinuedFractionK"", ""["", ""expr"", ""]""}]","Unary","Prefix","Right",""
"VerticalTilde","",470,"{}","{""≀""}","{}","{{""expr1"", ""≀"", ""expr2""}}","Row[{""VerticalTilde"", ""["", ""expr1"", "","", ""expr2"", ""]""}]","Binary","Infix","None","VerticalTilde[expr1, expr2]"
"Coproduct","",460,"{}","{""∐""}","{}","{{""expr1"", ""∐"", ""expr2""}}","Row[{""Coproduct"", ""["", ""expr1"", "","", ""expr2"", ""]""}]","Binary","Infix","None","Coproduct[expr1, expr2]"
"Cap","",450,"{}","{""⌢""}","{}","{{""expr1"", ""⌢"", ""expr2""}}","Row[{""Cap"", ""["", ""expr1"", "","", ""expr2"", ""]""}]","Binary","Infix","None","Cap[expr1, expr2]"
"Cup","",440,"{}","{""⌣""}","{}","{{""expr1"", ""⌣"", ""expr2""}}","Row[{""Cup"", ""["", ""expr1"", "","", ""expr2"", ""]""}]","Binary","Infix","None","Cup[expr1, expr2]"
"CircleMinus","",430,"{}","{""⊖""}","{}","{{""expr1"", ""⊖"", ""expr2""}}","Row[{""CircleMinus"", ""["", ""expr1"", "","", ""expr2"", ""]""}]","Binary","Infix","Left","CircleMinus[expr1, expr2]"
"CirclePlus","",430,"{}","{""⊕""}","{}","{{""expr1"", ""⊕"", ""expr2""}}","Row[{""CirclePlus"", ""["", ""expr1"", "","", ""expr2"", ""]""}]","Binary","Infix","None","CirclePlus[expr1, expr2]"
"Sum","",420,"{""∑""}","{}","{}","{{""∑"", ""expr""}}","Row[{""Sum"", ""["", ""expr"", ""]""}]","Unary","Prefix","Right","Sum[expr]"
"Integrate","",420,"{""∫""}","{}","{""""}","{{""∫"", ""expr1"", """", ""expr2""}}","Row[{""Integrate"", ""["", ""expr1"", "","", ""expr2"", ""]""}]","Binary","Prefix","Right","Integrate[expr1, expr2]"
"ClockwiseContourIntegral","",420,"{""∲""}","{}","{""""}","{{""∲"", ""expr1"", """", ""expr2""}}","Row[{""ClockwiseContourIntegral"", ""["", ""expr1"", "","", ""expr2"", ""]""}]","Unary","Prefix","Right","Integrate[expr1, expr2]"
"ContourIntegral","",420,"{""∮""}","{}","{""""}","{{""∮"", ""expr1"", """", ""expr2""}}","Row[{""ContourIntegral"", ""["", ""expr1"", "","", ""expr2"", ""]""}]","Unary","Prefix","Right","Integrate[expr1, expr2]"
"CounterClockwiseContourIntegral","",420,"{""∳""}","{}","{""""}","{{""∳"", ""expr1"", """", ""expr2""}}","Row[{""CounterClockwiseContourIntegral"", ""["", ""expr1"", "","", ""expr2"", ""]""}]","Unary","Prefix","Right","Integrate[expr1, expr2]"
"DoubleContourIntegral","",420,"{""∯""}","{}","{""""}","{{""∯"", ""expr1"", """", ""expr2""}}","Row[{""DoubleContourIntegral"", ""["", ""expr1"", "","", ""expr2"", ""]""}]","Unary","Prefix","Right","Integrate[expr1, expr2]"
"ExpectationE","",420,"{""""}","{}","{}","{{"""", ""expr""}}","Row[{""ExpectationE"", ""["", ""expr"", ""]""}]","Unary","Prefix","Right",""
"ProbabilityPr","",420,"{""""}","{}","{}","{{"""", ""expr""}}","Row[{""ProbabilityPr"", ""["", ""expr"", ""]""}]","Unary","Prefix","Right",""
"Limit","",410,"{""""}","{}","{}","{{"""", ""expr""}}","Row[{""Limit"", ""["", ""expr"", ""]""}]","Unary","Prefix","Right",""
"MaxLimit","",410,"{""""}","{}","{}","{{"""", ""expr""}}","Row[{""MaxLimit"", ""["", ""expr"", ""]""}]","Unary","Prefix","Right",""
"MinLimit","",410,"{""""}","{}","{}","{{"""", ""expr""}}","Row[{""MinLimit"", ""["", ""expr"", ""]""}]","Unary","Prefix","Right",""
"MinusPlus","",400,"{}","{""∓""}","{}","{{""expr1"", ""∓"", ""expr2""}}","Row[{""MinusPlus"", ""["", ""expr1"", "","", ""expr2"", ""]""}]","Binary","Infix","Left","MinusPlus[expr1, expr2]"
"Plus","",400,"{}","{""+"", """"}","{}","{{""expr1"", ""+"", ""expr2""}, {""expr1"", """", ""expr2""}}","Row[{""Plus"", ""["", ""expr1"", "","", ""expr2"", ""]""}]","Binary","Infix","None","Plus[expr1, expr2]"
"PlusMinus","",400,"{}","{""±""}","{}","{{""expr1"", ""±"", ""expr2""}}","Row[{""PlusMinus"", ""["", ""expr1"", "","", ""expr2"", ""]""}]","Binary","Infix","Left","PlusMinus[expr1, expr2]"
"Subtract","",400,"{}","{""-"", ""−""}","{}","{{""expr1"", ""-"", ""expr2""}, {""expr1"", ""−"", ""expr2""}}","Row[{""Subtract"", ""["", ""expr1"", "","", ""expr2"", ""]""}]","Binary","Infix","Left","Plus[expr1, Times[-1, expr2]]"
"Intersection","",390,"{}","{""⋂""}","{}","{{""expr1"", ""⋂"", ""expr2""}}","Row[{""Intersection"", ""["", ""expr1"", "","", ""expr2"", ""]""}]","Binary","Infix","None","Intersection[expr1, expr2]"
"Span","X",390,"{}","{"";;""}","{}","{{""i"", "";;"", ""j"", "";;"", ""k""}}","Row[{""Span"", ""["", ""i"", "","", ""j"", "","", ""k"", ""]""}]","Ternary","Infix","Non","Span[i, j, k]"
"SquareIntersection","",390,"{}","{""⊓""}","{}","{{""x"", ""⊓"", ""y""}}","Row[{""SquareIntersection"", ""["", ""x"", "","", ""y"", ""]""}]","Binary","Infix","None","SquareIntersection[x, y]"
"SquareUnion","",380,"{}","{""⊔""}","{}","{{""x"", ""⊔"", ""y""}}","Row[{""SquareUnion"", ""["", ""x"", "","", ""y"", ""]""}]","Binary","Infix","None","SquareUnion[x, y]"
"Union","",380,"{}","{""⋃""}","{}","{{""expr1"", ""⋃"", ""expr2""}}","Row[{""Union"", ""["", ""expr1"", "","", ""expr2"", ""]""}]","Binary","Infix","None","Union[expr1, expr2]"
"UnionPlus","",380,"{}","{""⊎""}","{}","{{""x"", ""⊎"", ""y""}}","Row[{""UnionPlus"", ""["", ""x"", "","", ""y"", ""]""}]","Binary","Infix","None","UnionPlus[x, y]"
"DirectedEdge","",370,"{}","{""""}","{}","{{""expr1"", """", ""expr2""}}","Row[{""DirectedEdge"", ""["", ""expr1"", "","", ""expr2"", ""]""}]","Binary","Infix","None","DirectedEdge[expr1, expr2]"
"UndirectedEdge","",370,"{}","{""""}","{}","{{""expr1"", """", ""expr2""}}","Row[{""UndirectedEdge"", ""["", ""expr1"", "","", ""expr2"", ""]""}]","Binary","Infix","None","UndirectedEdge[expr1, expr2]"
"Congruent","",360,"{}","{""≡""}","{}","{{""x"", ""≡"", ""y""}}","Row[{""Congruent"", ""["", ""x"", "","", ""y"", ""]""}]","Binary","Infix","None","Congruent[x, y]"
"CupCap","",360,"{}","{""≍""}","{}","{{""x"", ""≍"", ""y""}}","Row[{""CupCap"", ""["", ""x"", "","", ""y"", ""]""}]","Binary","Infix","None","CupCap[x, y]"
"DotEqual","",360,"{}","{""≐""}","{}","{{""x"", ""≐"", ""y""}}","Row[{""DotEqual"", ""["", ""x"", "","", ""y"", ""]""}]","Binary","Infix","None","DotEqual[x, y]"
"Equal","",360,"{}","{""=="", """", """"}","{}","{{""expr1"", ""=="", ""expr2""}, {""expr1"", """", ""expr2""}, {""expr1"", """", ""expr2""}}","Row[{""Equal"", ""["", ""expr1"", "","", ""expr2"", ""]""}]","Binary","Infix","None","Equal[expr1, expr2]"
"EqualTilde","",360,"{}","{""≂""}","{}","{{""x"", ""≂"", ""y""}}","Row[{""EqualTilde"", ""["", ""x"", "","", ""y"", ""]""}]","Binary","Infix","None","EqualTilde[x, y]"
"Equilibrium","",360,"{}","{""⇌""}","{}","{{""x"", ""⇌"", ""y""}}","Row[{""Equilibrium"", ""["", ""x"", "","", ""y"", ""]""}]","Binary","Infix","None","Equilibrium[x, y]"
"Greater","",360,"{}","{"">""}","{}","{{""expr1"", "">"", ""expr2""}}","Row[{""Greater"", ""["", ""expr1"", "","", ""expr2"", ""]""}]","Binary","Infix","None","Greater[expr1, expr2]"
"GreaterEqual","",360,"{}","{"">="", ""≥""}","{}","{{""expr1"", "">="", ""expr2""}, {""expr1"", ""≥"", ""expr2""}}","Row[{""GreaterEqual"", ""["", ""expr1"", "","", ""expr2"", ""]""}]","Binary","Infix","None","GreaterEqual[expr1, expr2]"
"GreaterEqualLess","",360,"{}","{""⋛""}","{}","{{""x"", ""⋛"", ""y""}}","Row[{""GreaterEqualLess"", ""["", ""x"", "","", ""y"", ""]""}]","Binary","Infix","None","GreaterEqualLess[x, y]"
"GreaterFullEqual","",360,"{}","{""≧""}","{}","{{""x"", ""≧"", ""y""}}","Row[{""GreaterFullEqual"", ""["", ""x"", "","", ""y"", ""]""}]","Binary","Infix","None","GreaterFullEqual[x, y]"
"GreaterGreater","",360,"{}","{""≫""}","{}","{{""x"", ""≫"", ""y""}}","Row[{""GreaterGreater"", ""["", ""x"", "","", ""y"", ""]""}]","Binary","Infix","None","GreaterGreater[x, y]"
"GreaterLess","",360,"{}","{""≷""}","{}","{{""x"", ""≷"", ""y""}}","Row[{""GreaterLess"", ""["", ""x"", "","", ""y"", ""]""}]","Binary","Infix","None","GreaterLess[x, y]"
"GreaterSlantEqual","",360,"{}","{""⩾""}","{}","{{""x"", ""⩾"", ""y""}}","Row[{""GreaterEqual"", ""["", ""x"", "","", ""y"", ""]""}]","Binary","Infix","None","GreaterEqual[x, y]"
"GreaterTilde","",360,"{}","{""≳""}","{}","{{""x"", ""≳"", ""y""}}","Row[{""GreaterTilde"", ""["", ""x"", "","", ""y"", ""]""}]","Binary","Infix","None","GreaterTilde[x, y]"
"HumpDownHump","",360,"{}","{""≎""}","{}","{{""x"", ""≎"", ""y""}}","Row[{""HumpDownHump"", ""["", ""x"", "","", ""y"", ""]""}]","Binary","Infix","None","HumpDownHump[x, y]"
"HumpEqual","",360,"{}","{""≏""}","{}","{{""x"", ""≏"", ""y""}}","Row[{""HumpEqual"", ""["", ""x"", "","", ""y"", ""]""}]","Binary","Infix","None","HumpEqual[x, y]"
"LeftTriangle","",360,"{}","{""⊲""}","{}","{{""x"", ""⊲"", ""y""}}","Row[{""LeftTriangle"", ""["", ""x"", "","", ""y"", ""]""}]","Binary","Infix","None","LeftTriangle[x, y]"
"LeftTriangleBar","",360,"{}","{""⧏""}","{}","{{""x"", ""⧏"", ""y""}}","Row[{""LeftTriangleBar"", ""["", ""x"", "","", ""y"", ""]""}]","Binary","Infix","None","LeftTriangleBar[x, y]"
"LeftTriangleEqual","",360,"{}","{""⊴""}","{}","{{""x"", ""⊴"", ""y""}}","Row[{""LeftTriangleEqual"", ""["", ""x"", "","", ""y"", ""]""}]","Binary","Infix","None","LeftTriangleEqual[x, y]"
"Less","",360,"{}","{""<""}","{}","{{""expr1"", ""<"", ""expr2""}}","Row[{""Less"", ""["", ""expr1"", "","", ""expr2"", ""]""}]","Binary","Infix","None","Less[expr1, expr2]"
"LessEqual","",360,"{}","{""<="", ""≤""}","{}","{{""expr1"", ""<="", ""expr2""}, {""expr1"", ""≤"", ""expr2""}}","Row[{""LessEqual"", ""["", ""expr1"", "","", ""expr2"", ""]""}]","Binary","Infix","None","LessEqual[expr1, expr2]"
"LessEqualGreater","",360,"{}","{""⋚""}","{}","{{""x"", ""⋚"", ""y""}}","Row[{""LessEqualGreater"", ""["", ""x"", "","", ""y"", ""]""}]","Binary","Infix","None","LessEqualGreater[x, y]"
"LessFullEqual","",360,"{}","{""≦""}","{}","{{""x"", ""≦"", ""y""}}","Row[{""LessFullEqual"", ""["", ""x"", "","", ""y"", ""]""}]","Binary","Infix","None","LessFullEqual[x, y]"
"LessGreater","",360,"{}","{""≶""}","{}","{{""x"", ""≶"", ""y""}}","Row[{""LessGreater"", ""["", ""x"", "","", ""y"", ""]""}]","Binary","Infix","None","LessGreater[x, y]"
"LessLess","",360,"{}","{""≪""}","{}","{{""x"", ""≪"", ""y""}}","Row[{""LessLess"", ""["", ""x"", "","", ""y"", ""]""}]","Binary","Infix","None","LessLess[x, y]"
"LessSlantEqual","",360,"{}","{""⩽""}","{}","{{""x"", ""⩽"", ""y""}}","Row[{""LessEqual"", ""["", ""x"", "","", ""y"", ""]""}]","Binary","Infix","None","LessEqual[x, y]"
"LessTilde","",360,"{}","{""≲""}","{}","{{""x"", ""≲"", ""y""}}","Row[{""LessTilde"", ""["", ""x"", "","", ""y"", ""]""}]","Binary","Infix","None","LessTilde[x, y]"
"NestedGreaterGreater","",360,"{}","{""⪢""}","{}","{{""x"", ""⪢"", ""y""}}","Row[{""NestedGreaterGreater"", ""["", ""x"", "","", ""y"", ""]""}]","Binary","Infix","None","NestedGreaterGreater[x, y]"
"NestedLessLess","",360,"{}","{""⪡""}","{}","{{""x"", ""⪡"", ""y""}}","Row[{""NestedLessLess"", ""["", ""x"", "","", ""y"", ""]""}]","Binary","Infix","None","NestedLessLess[x, y]"
"NotCongruent","",360,"{}","{""≢""}","{}","{{""x"", ""≢"", ""y""}}","Row[{""NotCongruent"", ""["", ""x"", "","", ""y"", ""]""}]","Binary","Infix","None","NotCongruent[x, y]"
"NotCupCap","",360,"{}","{""≭""}","{}","{{""x"", ""≭"", ""y""}}","Row[{""NotCupCap"", ""["", ""x"", "","", ""y"", ""]""}]","Binary","Infix","None","NotCupCap[x, y]"
"NotEqualTilde","",360,"{}","{""""}","{}","{{""x"", """", ""y""}}","Row[{""NotEqualTilde"", ""["", ""x"", "","", ""y"", ""]""}]","Binary","Infix","None","NotEqualTilde[x, y]"
"NotGreater","",360,"{}","{""≯""}","{}","{{""x"", ""≯"", ""y""}}","Row[{""NotGreater"", ""["", ""x"", "","", ""y"", ""]""}]","Binary","Infix","None","NotGreater[x, y]"
"NotGreaterEqual","",360,"{}","{""≱""}","{}","{{""x"", ""≱"", ""y""}}","Row[{""NotGreaterEqual"", ""["", ""x"", "","", ""y"", ""]""}]","Binary","Infix","None","NotGreaterEqual[x, y]"
"NotGreaterFullEqual","",360,"{}","{""≩""}","{}","{{""x"", ""≩"", ""y""}}","Row[{""NotGreaterFullEqual"", ""["", ""x"", "","", ""y"", ""]""}]","Binary","Infix","None","NotGreaterFullEqual[x, y]"
"NotGreaterGreater","",360,"{}","{""""}","{}","{{""x"", """", ""y""}}","Row[{""NotGreaterGreater"", ""["", ""x"", "","", ""y"", ""]""}]","Binary","Infix","None","NotGreaterGreater[x, y]"
"NotGreaterLess","",360,"{}","{""≹""}","{}","{{""x"", ""≹"", ""y""}}","Row[{""NotGreaterLess"", ""["", ""x"", "","", ""y"", ""]""}]","Binary","Infix","None","NotGreaterLess[x, y]"
"NotGreaterSlantEqual","",360,"{}","{""""}","{}","{{""x"", """", ""y""}}","Row[{""NotGreaterSlantEqual"", ""["", ""x"", "","", ""y"", ""]""}]","Binary","Infix","None","NotGreaterSlantEqual[x, y]"
"NotGreaterTilde","",360,"{}","{""≵""}","{}","{{""x"", ""≵"", ""y""}}","Row[{""NotGreaterTilde"", ""["", ""x"", "","", ""y"", ""]""}]","Binary","Infix","None","NotGreaterTilde[x, y]"
"NotHumpDownHump","",360,"{}","{""""}","{}","{{""x"", """", ""y""}}","Row[{""NotHumpDownHump"", ""["", ""x"", "","", ""y"", ""]""}]","Binary","Infix","None","NotHumpDownHump[x, y]"
"NotHumpEqual","",360,"{}","{""""}","{}","{{""x"", """", ""y""}}","Row[{""NotHumpEqual"", ""["", ""x"", "","", ""y"", ""]""}]","Binary","Infix","None","NotHumpEqual[x, y]"
"NotLeftTriangle","",360,"{}","{""⋪""}","{}","{{""x"", ""⋪"", ""y""}}","Row[{""NotLeftTriangle"", ""["", ""x"", "","", ""y"", ""]""}]","Binary","Infix","None","NotLeftTriangle[x, y]"
"NotLeftTriangleBar","",360,"{}","{""""}","{}","{{""x"", """", ""y""}}","Row[{""NotLeftTriangleBar"", ""["", ""x"", "","", ""y"", ""]""}]","Binary","Infix","None","NotLeftTriangleBar[x, y]"
"NotLeftTriangleEqual","",360,"{}","{""⋬""}","{}","{{""x"", ""⋬"", ""y""}}","Row[{""NotLeftTriangleEqual"", ""["", ""x"", "","", ""y"", ""]""}]","Binary","Infix","None","NotLeftTriangleEqual[x, y]"
"NotLess","",360,"{}","{""≮""}","{}","{{""x"", ""≮"", ""y""}}","Row[{""NotLess"", ""["", ""x"", "","", ""y"", ""]""}]","Binary","Infix","None","NotLess[x, y]"
"NotLessEqual","",360,"{}","{""≰""}","{}","{{""x"", ""≰"", ""y""}}","Row[{""NotLessEqual"", ""["", ""x"", "","", ""y"", ""]""}]","Binary","Infix","None","NotLessEqual[x, y]"
"NotLessFullEqual","",360,"{}","{""≨""}","{}","{{""x"", ""≨"", ""y""}}","Row[{""NotLessFullEqual"", ""["", ""x"", "","", ""y"", ""]""}]","Binary","Infix","None","NotLessFullEqual[x, y]"
"NotLessGreater","",360,"{}","{""≸""}","{}","{{""x"", ""≸"", ""y""}}","Row[{""NotLessGreater"", ""["", ""x"", "","", ""y"", ""]""}]","Binary","Infix","None","NotLessGreater[x, y]"
"NotLessLess","",360,"{}","{""""}","{}","{{""x"", """", ""y""}}","Row[{""NotLessLess"", ""["", ""x"", "","", ""y"", ""]""}]","Binary","Infix","None","NotLessLess[x, y]"
"NotLessSlantEqual","",360,"{}","{""""}","{}","{{""x"", """", ""y""}}","Row[{""NotLessSlantEqual"", ""["", ""x"", "","", ""y"", ""]""}]","Binary","Infix","None","NotLessSlantEqual[x, y]"
"NotLessTilde","",360,"{}","{""≴""}","{}","{{""x"", ""≴"", ""y""}}","Row[{""NotLessTilde"", ""["", ""x"", "","", ""y"", ""]""}]","Binary","Infix","None","NotLessTilde[x, y]"
"NotNestedGreaterGreater","",360,"{}","{""""}","{}","{{""x"", """", ""y""}}","Row[{""NotNestedGreaterGreater"", ""["", ""x"", "","", ""y"", ""]""}]","Binary","Infix","None","NotNestedGreaterGreater[x, y]"
"NotNestedLessLess","",360,"{}","{""""}","{}","{{""x"", """", ""y""}}","Row[{""NotNestedLessLess"", ""["", ""x"", "","", ""y"", ""]""}]","Binary","Infix","None","NotNestedLessLess[x, y]"
"NotPrecedes","",360,"{}","{""⊀""}","{}","{{""x"", ""⊀"", ""y""}}","Row[{""NotPrecedes"", ""["", ""x"", "","", ""y"", ""]""}]","Binary","Infix","None","NotPrecedes[x, y]"
"NotPrecedesEqual","",360,"{}","{""""}","{}","{{""x"", """", ""y""}}","Row[{""NotPrecedesEqual"", ""["", ""x"", "","", ""y"", ""]""}]","Binary","Infix","None","NotPrecedesEqual[x, y]"
"NotPrecedesSlantEqual","",360,"{}","{""⋠""}","{}","{{""x"", ""⋠"", ""y""}}","Row[{""NotPrecedesSlantEqual"", ""["", ""x"", "","", ""y"", ""]""}]","Binary","Infix","None","NotPrecedesSlantEqual[x, y]"
"NotPrecedesTilde","",360,"{}","{""⋨""}","{}","{{""x"", ""⋨"", ""y""}}","Row[{""NotPrecedesTilde"", ""["", ""x"", "","", ""y"", ""]""}]","Binary","Infix","None","NotPrecedesTilde[x, y]"
"NotRightTriangle","",360,"{}","{""⋫""}","{}","{{""x"", ""⋫"", ""y""}}","Row[{""NotRightTriangle"", ""["", ""x"", "","", ""y"", ""]""}]","Binary","Infix","None","NotRightTriangle[x, y]"
"NotRightTriangleBar","",360,"{}","{""""}","{}","{{""x"", """", ""y""}}","Row[{""NotRightTriangleBar"", ""["", ""x"", "","", ""y"", ""]""}]","Binary","Infix","None","NotRightTriangleBar[x, y]"
"NotRightTriangleEqual","",360,"{}","{""⋭""}","{}","{{""x"", ""⋭"", ""y""}}","Row[{""NotRightTriangleEqual"", ""["", ""x"", "","", ""y"", ""]""}]","Binary","Infix","None","NotRightTriangleEqual[x, y]"
"NotSucceeds","",360,"{}","{""⊁""}","{}","{{""x"", ""⊁"", ""y""}}","Row[{""NotSucceeds"", ""["", ""x"", "","", ""y"", ""]""}]","Binary","Infix","None","NotSucceeds[x, y]"
"NotSucceedsEqual","",360,"{}","{""""}","{}","{{""x"", """", ""y""}}","Row[{""NotSucceedsEqual"", ""["", ""x"", "","", ""y"", ""]""}]","Binary","Infix","None","NotSucceedsEqual[x, y]"
"NotSucceedsSlantEqual","",360,"{}","{""⋡""}","{}","{{""x"", ""⋡"", ""y""}}","Row[{""NotSucceedsSlantEqual"", ""["", ""x"", "","", ""y"", ""]""}]","Binary","Infix","None","NotSucceedsSlantEqual[x, y]"
"NotSucceedsTilde","",360,"{}","{""⋩""}","{}","{{""x"", ""⋩"", ""y""}}","Row[{""NotSucceedsTilde"", ""["", ""x"", "","", ""y"", ""]""}]","Binary","Infix","None","NotSucceedsTilde[x, y]"
"NotTilde","",360,"{}","{""≁""}","{}","{{""x"", ""≁"", ""y""}}","Row[{""NotTilde"", ""["", ""x"", "","", ""y"", ""]""}]","Binary","Infix","None","NotTilde[x, y]"
"NotTildeEqual","",360,"{}","{""≄""}","{}","{{""x"", ""≄"", ""y""}}","Row[{""NotTildeEqual"", ""["", ""x"", "","", ""y"", ""]""}]","Binary","Infix","None","NotTildeEqual[x, y]"
"NotTildeFullEqual","",360,"{}","{""≇""}","{}","{{""x"", ""≇"", ""y""}}","Row[{""NotTildeFullEqual"", ""["", ""x"", "","", ""y"", ""]""}]","Binary","Infix","None","NotTildeFullEqual[x, y]"
"NotTildeTilde","",360,"{}","{""≉""}","{}","{{""x"", ""≉"", ""y""}}","Row[{""NotTildeTilde"", ""["", ""x"", "","", ""y"", ""]""}]","Binary","Infix","None","NotTildeTilde[x, y]"
"Precedes","",360,"{}","{""≺""}","{}","{{""x"", ""≺"", ""y""}}","Row[{""Precedes"", ""["", ""x"", "","", ""y"", ""]""}]","Binary","Infix","None","Precedes[x, y]"
"PrecedesEqual","",360,"{}","{""⪯""}","{}","{{""x"", ""⪯"", ""y""}}","Row[{""PrecedesEqual"", ""["", ""x"", "","", ""y"", ""]""}]","Binary","Infix","None","PrecedesEqual[x, y]"
"PrecedesSlantEqual","",360,"{}","{""≼""}","{}","{{""x"", ""≼"", ""y""}}","Row[{""PrecedesSlantEqual"", ""["", ""x"", "","", ""y"", ""]""}]","Binary","Infix","None","PrecedesSlantEqual[x, y]"
"PrecedesTilde","",360,"{}","{""≾""}","{}","{{""x"", ""≾"", ""y""}}","Row[{""PrecedesTilde"", ""["", ""x"", "","", ""y"", ""]""}]","Binary","Infix","None","PrecedesTilde[x, y]"
"Proportion","",360,"{}","{""∷""}","{}","{{""x"", ""∷"", ""y""}}","Row[{""Proportion"", ""["", ""x"", "","", ""y"", ""]""}]","Binary","Infix","None","Proportion[x, y]"
"Proportional","",360,"{}","{""∝""}","{}","{{""x"", ""∝"", ""y""}}","Row[{""Proportional"", ""["", ""x"", "","", ""y"", ""]""}]","Binary","Infix","None","Proportional[x, y]"
"ReverseEquilibrium","",360,"{}","{""⇋""}","{}","{{""x"", ""⇋"", ""y""}}","Row[{""ReverseEquilibrium"", ""["", ""x"", "","", ""y"", ""]""}]","Binary","Infix","None","ReverseEquilibrium[x, y]"
"RightTriangle","",360,"{}","{""⊳""}","{}","{{""x"", ""⊳"", ""y""}}","Row[{""RightTriangle"", ""["", ""x"", "","", ""y"", ""]""}]","Binary","Infix","None","RightTriangle[x, y]"
"RightTriangleBar","",360,"{}","{""⧐""}","{}","{{""x"", ""⧐"", ""y""}}","Row[{""RightTriangleBar"", ""["", ""x"", "","", ""y"", ""]""}]","Binary","Infix","None","RightTriangleBar[x, y]"
"RightTriangleEqual","",360,"{}","{""⊵""}","{}","{{""x"", ""⊵"", ""y""}}","Row[{""RightTriangleEqual"", ""["", ""x"", "","", ""y"", ""]""}]","Binary","Infix","None","RightTriangleEqual[x, y]"
"Succeeds","",360,"{}","{""≻""}","{}","{{""x"", ""≻"", ""y""}}","Row[{""Succeeds"", ""["", ""x"", "","", ""y"", ""]""}]","Binary","Infix","None","Succeeds[x, y]"
"SucceedsEqual","",360,"{}","{""⪰""}","{}","{{""x"", ""⪰"", ""y""}}","Row[{""SucceedsEqual"", ""["", ""x"", "","", ""y"", ""]""}]","Binary","Infix","None","SucceedsEqual[x, y]"
"SucceedsSlantEqual","",360,"{}","{""≽""}","{}","{{""x"", ""≽"", ""y""}}","Row[{""SucceedsSlantEqual"", ""["", ""x"", "","", ""y"", ""]""}]","Binary","Infix","None","SucceedsSlantEqual[x, y]"
"SucceedsTilde","",360,"{}","{""≿""}","{}","{{""x"", ""≿"", ""y""}}","Row[{""SucceedsTilde"", ""["", ""x"", "","", ""y"", ""]""}]","Binary","Infix","None","SucceedsTilde[x, y]"
"Tilde","",360,"{}","{""∼""}","{}","{{""x"", ""∼"", ""y""}}","Row[{""Tilde"", ""["", ""x"", "","", ""y"", ""]""}]","Binary","Infix","None","Tilde[x, y]"
"TildeEqual","",360,"{}","{""≃""}","{}","{{""x"", ""≃"", ""y""}}","Row[{""TildeEqual"", ""["", ""x"", "","", ""y"", ""]""}]","Binary","Infix","None","TildeEqual[x, y]"
"TildeFullEqual","",360,"{}","{""≅""}","{}","{{""x"", ""≅"", ""y""}}","Row[{""TildeFullEqual"", ""["", ""x"", "","", ""y"", ""]""}]","Binary","Infix","None","TildeFullEqual[x, y]"
"TildeTilde","",360,"{}","{""≈""}","{}","{{""x"", ""≈"", ""y""}}","Row[{""TildeTilde"", ""["", ""x"", "","", ""y"", ""]""}]","Binary","Infix","None","TildeTilde[x, y]"
"Unequal","",360,"{}","{""!="", ""≠""}","{}","{{""expr1"", ""!="", ""expr2""}, {""expr1"", ""≠"", ""expr2""}}","Row[{""Unequal"", ""["", ""expr1"", "","", ""expr2"", ""]""}]","Binary","Infix","None","Unequal[expr1, expr2]"
"DoubleVerticalBar","",350,"{}","{""∥""}","{}","{{""expr1"", ""∥"", ""expr2""}}","Row[{""DoubleVerticalBar"", ""["", ""expr1"", "","", ""expr2"", ""]""}]","Binary","Infix","None","DoubleVerticalBar[expr1, expr2]"
"NotDoubleVerticalBar","",350,"{}","{""∦""}","{}","{{""expr1"", ""∦"", ""expr2""}}","Row[{""NotDoubleVerticalBar"", ""["", ""expr1"", "","", ""expr2"", ""]""}]","Binary","Infix","None","NotDoubleVerticalBar[expr1, expr2]"
"NotVerticalBar","",350,"{}","{""""}","{}","{{""expr1"", """", ""expr2""}}","Row[{""NotVerticalBar"", ""["", ""expr1"", "","", ""expr2"", ""]""}]","Binary","Infix","None","NotVerticalBar[expr1, expr2]"
"VerticalBar","",350,"{}","{""""}","{}","{{""expr1"", """", ""expr2""}}","Row[{""VerticalBar"", ""["", ""expr1"", "","", ""expr2"", ""]""}]","Binary","Infix","None","VerticalBar[expr1, expr2]"
"DoubleLeftArrow","",340,"{}","{""⇐""}","{}","{{""x"", ""⇐"", ""y""}}","Row[{""DoubleLeftArrow"", ""["", ""x"", "","", ""y"", ""]""}]","Binary","Infix","None","DoubleLeftArrow[x, y]"
"DoubleLeftRightArrow","",340,"{}","{""⇔""}","{}","{{""x"", ""⇔"", ""y""}}","Row[{""DoubleLeftRightArrow"", ""["", ""x"", "","", ""y"", ""]""}]","Binary","Infix","None","DoubleLeftRightArrow[x, y]"
"DoubleRightArrow","",340,"{}","{""⇒""}","{}","{{""x"", ""⇒"", ""y""}}","Row[{""DoubleRightArrow"", ""["", ""x"", "","", ""y"", ""]""}]","Binary","Infix","None","DoubleRightArrow[x, y]"
"DownLeftRightVector","",340,"{}","{""⥐""}","{}","{{""x"", ""⥐"", ""y""}}","Row[{""DownLeftRightVector"", ""["", ""x"", "","", ""y"", ""]""}]","Binary","Infix","None","DownLeftRightVector[x, y]"
"DownLeftTeeVector","",340,"{}","{""⥞""}","{}","{{""x"", ""⥞"", ""y""}}","Row[{""DownLeftTeeVector"", ""["", ""x"", "","", ""y"", ""]""}]","Binary","Infix","None","DownLeftTeeVector[x, y]"
"DownLeftVector","",340,"{}","{""↽""}","{}","{{""x"", ""↽"", ""y""}}","Row[{""DownLeftVector"", ""["", ""x"", "","", ""y"", ""]""}]","Binary","Infix","None","DownLeftVector[x, y]"
"DownLeftVectorBar","",340,"{}","{""⥖""}","{}","{{""x"", ""⥖"", ""y""}}","Row[{""DownLeftVectorBar"", ""["", ""x"", "","", ""y"", ""]""}]","Binary","Infix","None","DownLeftVectorBar[x, y]"
"DownRightTeeVector","",340,"{}","{""⥟""}","{}","{{""x"", ""⥟"", ""y""}}","Row[{""DownRightTeeVector"", ""["", ""x"", "","", ""y"", ""]""}]","Binary","Infix","None","DownRightTeeVector[x, y]"
"DownRightVector","",340,"{}","{""⇁""}","{}","{{""x"", ""⇁"", ""y""}}","Row[{""DownRightVector"", ""["", ""x"", "","", ""y"", ""]""}]","Binary","Infix","None","DownRightVector[x, y]"
"DownRightVectorBar","",340,"{}","{""⥗""}","{}","{{""x"", ""⥗"", ""y""}}","Row[{""DownRightVectorBar"", ""["", ""x"", "","", ""y"", ""]""}]","Binary","Infix","None","DownRightVectorBar[x, y]"
"LeftArrow","",340,"{}","{""←""}","{}","{{""x"", ""←"", ""y""}}","Row[{""LeftArrow"", ""["", ""x"", "","", ""y"", ""]""}]","Binary","Infix","None","LeftArrow[x, y]"
"LeftArrowBar","",340,"{}","{""⇤""}","{}","{{""x"", ""⇤"", ""y""}}","Row[{""LeftArrowBar"", ""["", ""x"", "","", ""y"", ""]""}]","Binary","Infix","None","LeftArrowBar[x, y]"
"LeftArrowRightArrow","",340,"{}","{""⇆""}","{}","{{""x"", ""⇆"", ""y""}}","Row[{""LeftArrowRightArrow"", ""["", ""x"", "","", ""y"", ""]""}]","Binary","Infix","None","LeftArrowRightArrow[x, y]"
"LeftRightArrow","",340,"{}","{""↔""}","{}","{{""x"", ""↔"", ""y""}}","Row[{""LeftRightArrow"", ""["", ""x"", "","", ""y"", ""]""}]","Binary","Infix","None","LeftRightArrow[x, y]"
"LeftRightVector","",340,"{}","{""⥎""}","{}","{{""x"", ""⥎"", ""y""}}","Row[{""LeftRightVector"", ""["", ""x"", "","", ""y"", ""]""}]","Binary","Infix","None","LeftRightVector[x, y]"
"LeftTeeArrow","",340,"{}","{""↤""}","{}","{{""x"", ""↤"", ""y""}}","Row[{""LeftTeeArrow"", ""["", ""x"", "","", ""y"", ""]""}]","Binary","Infix","None","LeftTeeArrow[x, y]"
"LeftTeeVector","",340,"{}","{""⥚""}","{}","{{""x"", ""⥚"", ""y""}}","Row[{""LeftTeeVector"", ""["", ""x"", "","", ""y"", ""]""}]","Binary","Infix","None","LeftTeeVector[x, y]"
"LeftVector","",340,"{}","{""↼""}","{}","{{""x"", ""↼"", ""y""}}","Row[{""LeftVector"", ""["", ""x"", "","", ""y"", ""]""}]","Binary","Infix","None","LeftVector[x, y]"
"LeftVectorBar","",340,"{}","{""⥒""}","{}","{{""x"", ""⥒"", ""y""}}","Row[{""LeftVectorBar"", ""["", ""x"", "","", ""y"", ""]""}]","Binary","Infix","None","LeftVectorBar[x, y]"
"LowerLeftArrow","",340,"{}","{""↙""}","{}","{{""x"", ""↙"", ""y""}}","Row[{""LowerLeftArrow"", ""["", ""x"", "","", ""y"", ""]""}]","Binary","Infix","None","LowerLeftArrow[x, y]"
"LowerRightArrow","",340,"{}","{""↘""}","{}","{{""x"", ""↘"", ""y""}}","Row[{""LowerRightArrow"", ""["", ""x"", "","", ""y"", ""]""}]","Binary","Infix","None","LowerRightArrow[x, y]"
"RightArrow","",340,"{}","{""→""}","{}","{{""x"", ""→"", ""y""}}","Row[{""RightArrow"", ""["", ""x"", "","", ""y"", ""]""}]","Binary","Infix","None","RightArrow[x, y]"
"RightArrowBar","",340,"{}","{""⇥""}","{}","{{""x"", ""⇥"", ""y""}}","Row[{""RightArrowBar"", ""["", ""x"", "","", ""y"", ""]""}]","Binary","Infix","None","RightArrowBar[x, y]"
"RightArrowLeftArrow","",340,"{}","{""⇄""}","{}","{{""x"", ""⇄"", ""y""}}","Row[{""RightArrowLeftArrow"", ""["", ""x"", "","", ""y"", ""]""}]","Binary","Infix","None","RightArrowLeftArrow[x, y]"
"RightTeeArrow","",340,"{}","{""↦""}","{}","{{""x"", ""↦"", ""y""}}","Row[{""RightTeeArrow"", ""["", ""x"", "","", ""y"", ""]""}]","Binary","Infix","None","RightTeeArrow[x, y]"
"RightTeeVector","",340,"{}","{""⥛""}","{}","{{""x"", ""⥛"", ""y""}}","Row[{""RightTeeVector"", ""["", ""x"", "","", ""y"", ""]""}]","Binary","Infix","None","RightTeeVector[x, y]"
"RightVector","",340,"{}","{""⇀""}","{}","{{""x"", ""⇀"", ""y""}}","Row[{""RightVector"", ""["", ""x"", "","", ""y"", ""]""}]","Binary","Infix","None","RightVector[x, y]"
"RightVectorBar","",340,"{}","{""⥓""}","{}","{{""x"", ""⥓"", ""y""}}","Row[{""RightVectorBar"", ""["", ""x"", "","", ""y"", ""]""}]","Binary","Infix","None","RightVectorBar[x, y]"
"ShortLeftArrow","",340,"{}","{""""}","{}","{{""x"", """", ""y""}}","Row[{""ShortLeftArrow"", ""["", ""x"", "","", ""y"", ""]""}]","Binary","Infix","None","ShortLeftArrow[x, y]"
"ShortRightArrow","",340,"{}","{""""}","{}","{{""x"", """", ""y""}}","Row[{""ShortRightArrow"", ""["", ""x"", "","", ""y"", ""]""}]","Binary","Infix","None","ShortRightArrow[x, y]"
"UpperLeftArrow","",340,"{}","{""↖""}","{}","{{""x"", ""↖"", ""y""}}","Row[{""UpperLeftArrow"", ""["", ""x"", "","", ""y"", ""]""}]","Binary","Infix","None","UpperLeftArrow[x, y]"
"UpperRightArrow","",340,"{}","{""↗""}","{}","{{""x"", ""↗"", ""y""}}","Row[{""UpperRightArrow"", ""["", ""x"", "","", ""y"", ""]""}]","Binary","Infix","None","UpperRightArrow[x, y]"
"SameQ","",330,"{}","{""===""}","{}","{{""expr1"", ""==="", ""expr2""}}","Row[{""SameQ"", ""["", ""expr1"", "","", ""expr2"", ""]""}]","Binary","Infix","None","SameQ[expr1, expr2]"
"UnsameQ","",330,"{}","{""=!=""}","{}","{{""expr1"", ""=!="", ""expr2""}}","Row[{""UnsameQ"", ""["", ""expr1"", "","", ""expr2"", ""]""}]","Binary","Infix","None","UnsameQ[expr1, expr2]"
"Distributed","",320,"{}","{""""}","{}","{{""expr1"", """", ""expr2""}}","Row[{""Distributed"", ""["", ""expr1"", "","", ""expr2"", ""]""}]","Binary","Infix","None","Distributed[expr1, expr2]"
"Element","",320,"{}","{""∈""}","{}","{{""expr1"", ""∈"", ""expr2""}}","Row[{""Element"", ""["", ""expr1"", "","", ""expr2"", ""]""}]","Binary","Infix","None","Element[expr1, expr2]"
"NotElement","",320,"{}","{""∉""}","{}","{{""expr1"", ""∉"", ""expr2""}}","Row[{""NotElement"", ""["", ""expr1"", "","", ""expr2"", ""]""}]","Binary","Infix","None","NotElement[expr1, expr2]"
"NotReverseElement","",320,"{}","{""∌""}","{}","{{""x"", ""∌"", ""y""}}","Row[{""NotReverseElement"", ""["", ""x"", "","", ""y"", ""]""}]","Binary","Infix","None","NotReverseElement[x, y]"
"NotSquareSubset","",320,"{}","{""""}","{}","{{""x"", """", ""y""}}","Row[{""NotSquareSubset"", ""["", ""x"", "","", ""y"", ""]""}]","Binary","Infix","None","NotSquareSubset[x, y]"
"NotSquareSubsetEqual","",320,"{}","{""⋢""}","{}","{{""x"", ""⋢"", ""y""}}","Row[{""NotSquareSubsetEqual"", ""["", ""x"", "","", ""y"", ""]""}]","Binary","Infix","None","NotSquareSubsetEqual[x, y]"
"NotSquareSuperset","",320,"{}","{""""}","{}","{{""x"", """", ""y""}}","Row[{""NotSquareSuperset"", ""["", ""x"", "","", ""y"", ""]""}]","Binary","Infix","None","NotSquareSuperset[x, y]"
"NotSquareSupersetEqual","",320,"{}","{""⋣""}","{}","{{""x"", ""⋣"", ""y""}}","Row[{""NotSquareSupersetEqual"", ""["", ""x"", "","", ""y"", ""]""}]","Binary","Infix","None","NotSquareSupersetEqual[x, y]"
"NotSubset","",320,"{}","{""⊄""}","{}","{{""x"", ""⊄"", ""y""}}","Row[{""NotSubset"", ""["", ""x"", "","", ""y"", ""]""}]","Binary","Infix","None","NotSubset[x, y]"
"NotSubsetEqual","",320,"{}","{""⊈""}","{}","{{""x"", ""⊈"", ""y""}}","Row[{""NotSubsetEqual"", ""["", ""x"", "","", ""y"", ""]""}]","Binary","Infix","None","NotSubsetEqual[x, y]"
"NotSuperset","",320,"{}","{""⊅""}","{}","{{""x"", ""⊅"", ""y""}}","Row[{""NotSuperset"", ""["", ""x"", "","", ""y"", ""]""}]","Binary","Infix","None","NotSuperset[x, y]"
"NotSupersetEqual","",320,"{}","{""⊉""}","{}","{{""x"", ""⊉"", ""y""}}","Row[{""NotSupersetEqual"", ""["", ""x"", "","", ""y"", ""]""}]","Binary","Infix","None","NotSupersetEqual[x, y]"
"ReverseElement","",320,"{}","{""∋""}","{}","{{""x"", ""∋"", ""y""}}","Row[{""ReverseElement"", ""["", ""x"", "","", ""y"", ""]""}]","Binary","Infix","None","ReverseElement[x, y]"
"SquareSubset","",320,"{}","{""⊏""}","{}","{{""x"", ""⊏"", ""y""}}","Row[{""SquareSubset"", ""["", ""x"", "","", ""y"", ""]""}]","Binary","Infix","None","SquareSubset[x, y]"
"SquareSubsetEqual","",320,"{}","{""⊑""}","{}","{{""x"", ""⊑"", ""y""}}","Row[{""SquareSubsetEqual"", ""["", ""x"", "","", ""y"", ""]""}]","Binary","Infix","None","SquareSubsetEqual[x, y]"
"SquareSuperset","",320,"{}","{""⊐""}","{}","{{""x"", ""⊐"", ""y""}}","Row[{""SquareSuperset"", ""["", ""x"", "","", ""y"", ""]""}]","Binary","Infix","None","SquareSuperset[x, y]"
"SquareSupersetEqual","",320,"{}","{""⊒""}","{}","{{""x"", ""⊒"", ""y""}}","Row[{""SquareSupersetEqual"", ""["", ""x"", "","", ""y"", ""]""}]","Binary","Infix","None","SquareSupersetEqual[x, y]"
"Subset","",320,"{}","{""⊂""}","{}","{{""expr1"", ""⊂"", ""expr2""}}","Row[{""Subset"", ""["", ""expr1"", "","", ""expr2"", ""]""}]","Binary","Infix","None","Subset[expr1, expr2]"
"SubsetEqual","",320,"{}","{""⊆""}","{}","{{""x"", ""⊆"", ""y""}}","Row[{""SubsetEqual"", ""["", ""x"", "","", ""y"", ""]""}]","Binary","Infix","None","SubsetEqual[x, y]"
"Superset","",320,"{}","{""⊃""}","{}","{{""expr1"", ""⊃"", ""expr2""}}","Row[{""Superset"", ""["", ""expr1"", "","", ""expr2"", ""]""}]","Binary","Infix","None","Superset[expr1, expr2]"
"SupersetEqual","",320,"{}","{""⊇""}","{}","{{""x"", ""⊇"", ""y""}}","Row[{""SupersetEqual"", ""["", ""x"", "","", ""y"", ""]""}]","Binary","Infix","None","SupersetEqual[x, y]"
"Exists","",310,"{""∃""}","{}","{}","{{""∃"", ""expr""}}","Row[{""Exists"", ""["", ""expr"", ""]""}]","Unary","Prefix","Right",""
"ForAll","",310,"{""∀""}","{}","{}","{{""∀"", ""expr""}}","Row[{""ForAll"", ""["", ""expr"", ""]""}]","Unary","Prefix","Right",""
"NotExists","",310,"{""∄""}","{}","{}","{{""∄"", ""expr""}}","Row[{""NotExists"", ""["", ""expr"", ""]""}]","Unary","Prefix","Right",""
"Not","",300,"{""!"", ""¬""}","{}","{}","{{""!"", ""expr""}, {""¬"", ""expr""}}","Row[{""Not"", ""["", ""expr"", ""]""}]","Unary","Prefix","Right","Not[expr]"
"And","",290,"{}","{""&&"", ""∧""}","{}","{{""expr1"", ""&&"", ""expr2""}, {""expr1"", ""∧"", ""expr2""}}","Row[{""And"", ""["", ""expr1"", "","", ""expr2"", ""]""}]","Binary","Infix","None","And[expr1, expr2]"
"Nand","",290,"{}","{""⊼""}","{}","{{""expr1"", ""⊼"", ""expr2""}}","Row[{""Nand"", ""["", ""expr1"", "","", ""expr2"", ""]""}]","Binary","Infix","None","Nand[expr1, expr2]"
"Xnor","",280,"{}","{""""}","{}","{{""expr1"", """", ""expr2""}}","Row[{""Xnor"", ""["", ""expr1"", "","", ""expr2"", ""]""}]","Binary","Infix","None","Xnor[expr1, expr2]"
"Xor","",280,"{}","{""⊻""}","{}","{{""expr1"", ""⊻"", ""expr2""}}","Row[{""Xor"", ""["", ""expr1"", "","", ""expr2"", ""]""}]","Binary","Infix","None","Xor[expr1, expr2]"
"Nor","",270,"{}","{""⊽""}","{}","{{""expr1"", ""⊽"", ""expr2""}}","Row[{""Nor"", ""["", ""expr1"", "","", ""expr2"", ""]""}]","Binary","Infix","None","Nor[expr1, expr2]"
"Or","",270,"{}","{""||"", ""∨""}","{}","{{""expr1"", ""||"", ""expr2""}, {""expr1"", ""∨"", ""expr2""}}","Row[{""Or"", ""["", ""expr1"", "","", ""expr2"", ""]""}]","Binary","Infix","None","Or[expr1, expr2]"
"Equivalent","",260,"{}","{""⧦""}","{}","{{""expr1"", ""⧦"", ""expr2""}}","Row[{""Equivalent"", ""["", ""expr1"", "","", ""expr2"", ""]""}]","Binary","Infix","None","Equivalent[expr1, expr2]"
"RoundImplies","",250,"{}","{""⥰""}","{}","{{""expr1"", ""⥰"", ""expr2""}}","Row[{""RoundImplies"", ""["", ""expr1"", "","", ""expr2"", ""]""}]","Binary","Infix","Right","RoundImplies[expr1, expr2]"
"Implies","",250,"{}","{""""}","{}","{{""expr1"", """", ""expr2""}}","Row[{""Implies"", ""["", ""expr1"", "","", ""expr2"", ""]""}]","Binary","Infix","Right","Implies[expr1, expr2]"
"Conditioned","",240,"{}","{""""}","{}","{{""expr1"", """", ""expr2""}}","Row[{""Conditioned"", ""["", ""expr1"", "","", ""expr2"", ""]""}]","Binary","Infix","None","Conditioned[expr1, expr2]"
"DoubleRightTee","",230,"{}","{""⊨""}","{}","{{""expr1"", ""⊨"", ""expr2""}}","Row[{""DoubleRightTee"", ""["", ""expr1"", "","", ""expr2"", ""]""}]","Binary","Infix","Right","DoubleRightTee[expr1, expr2]"
"RightTee","",230,"{}","{""⊢""}","{}","{{""expr1"", ""⊢"", ""expr2""}}","Row[{""RightTee"", ""["", ""expr1"", "","", ""expr2"", ""]""}]","Binary","Infix","Right","RightTee[expr1, expr2]"
"DoubleLeftTee","",220,"{}","{""⫤""}","{}","{{""expr1"", ""⫤"", ""expr2""}}","Row[{""DoubleLeftTee"", ""["", ""expr1"", "","", ""expr2"", ""]""}]","Binary","Infix","Left","DoubleLeftTee[expr1, expr2]"
"DownTee","",220,"{}","{""⊤""}","{}","{{""expr1"", ""⊤"", ""expr2""}}","Row[{""DownTee"", ""["", ""expr1"", "","", ""expr2"", ""]""}]","Binary","Infix","Left","DownTee[expr1, expr2]"
"LeftTee","",220,"{}","{""⊣""}","{}","{{""expr1"", ""⊣"", ""expr2""}}","Row[{""LeftTee"", ""["", ""expr1"", "","", ""expr2"", ""]""}]","Binary","Infix","Left","LeftTee[expr1, expr2]"
"UpTee","",220,"{}","{""⊥""}","{}","{{""expr1"", ""⊥"", ""expr2""}}","Row[{""UpTee"", ""["", ""expr1"", "","", ""expr2"", ""]""}]","Binary","Infix","Left","UpTee[expr1, expr2]"
"Perpendicular","",220,"{}","{""⟂""}","{}","{{""expr1"", ""⟂"", ""expr2""}}","Row[{""Perpendicular"", ""["", ""expr1"", "","", ""expr2"", ""]""}]","Binary","Infix","None","Perpendicular[expr1, expr2]"
"SuchThat","",210,"{}","{""∍""}","{}","{{""expr1"", ""∍"", ""expr2""}}","Row[{""SuchThat"", ""["", ""expr1"", "","", ""expr2"", ""]""}]","Binary","Infix","Right","SuchThat[expr1, expr2]"
"Repeated","",200,"{}","{""..""}","{}","{{""expr"", ""..""}}","Row[{""Repeated"", ""["", ""expr"", ""]""}]","Unary","Postfix","Left","Repeated[expr]"
"RepeatedNull","",200,"{}","{""...""}","{}","{{""expr"", ""...""}}","Row[{""RepeatedNull"", ""["", ""expr"", ""]""}]","Unary","Postfix","Left","RepeatedNull[expr]"
"Alternatives","",190,"{}","{""|""}","{}","{{""expr1"", ""|"", ""expr2""}}","Row[{""Alternatives"", ""["", ""expr1"", "","", ""expr2"", ""]""}]","Binary","Infix","None","Alternatives[expr1, expr2]"
"Pattern","X",190,"{}","{"":""}","{}","{{""symb"", "":"", ""expr""}}","Row[{""Pattern"", ""["", ""symb"", "","", ""expr"", ""]""}]","Binary","Infix","Non","Pattern[symb, expr]"
"Optional","X",190,"{}","{"":""}","{}","{{""patt"", "":"", ""expr""}}","Row[{""Optional"", ""["", ""patt"", "","", ""expr"", ""]""}]","Binary","Infix","Non","Optional[patt, expr]"
"StringExpression","",180,"{}","{""~~""}","{}","{{""expr1"", ""~~"", ""expr2""}}","Row[{""StringExpression"", ""["", ""expr1"", "","", ""exrp2"", "", "", ""expr3"", ""]""}]","Binary","Infix","None","StringExpression[expr1, expr2]"
"Condition","",170,"{}","{""/;""}","{}","{{""expr1"", ""/;"", ""expr2""}}","Row[{""Condition"", ""["", ""expr1"", "","", ""expr2"", ""]""}]","Binary","Infix","Left","Condition[expr1, expr2]"
"TwoWayRule","",160,"{}","{""<->"", """"}","{}","{{""expr1"", ""<->"", ""expr2""}, {""expr1"", """", ""expr2""}}","Row[{""TwoWayRule"", ""["", ""expr1"", "","", ""expr2"", ""]""}]","Binary","Infix","Right","TwoWayRule[expr1, expr2]"
"RuleDelayed","",150,"{}","{"":>"", """"}","{}","{{""expr1"", "":>"", ""expr2""}, {""expr1"", """", ""expr2""}}","Row[{""RuleDelayed"", ""["", ""expr1"", "","", ""expr2"", ""]""}]","Binary","Infix","Right","RuleDelayed[expr1, expr2]"
"Rule","",140,"{}","{""->"", """"}","{}","{{""expr1"", ""->"", ""expr2""}, {""expr1"", """", ""expr2""}}","Row[{""Rule"", ""["", ""expr1"", "","", ""expr2"", ""]""}]","Binary","Infix","Right","Rule[expr1, expr2]"
"ReplaceAll","",130,"{}","{""/.""}","{}","{{""expr1"", ""/."", ""expr2""}}","Row[{""ReplaceAll"", ""["", ""expr1"", "","", ""expr2"", ""]""}]","Binary","Infix","Left","ReplaceAll[expr1, expr2]"
"ReplaceRepeated","",130,"{}","{""//.""}","{}","{{""expr1"", ""//."", ""expr2""}}","Row[{""ReplaceRepeated"", ""["", ""expr1"", "","", ""expr2"", ""]""}]","Binary","Infix","Left","ReplaceRepeated[expr1, expr2]"
"TimesBy","",120,"{}","{""*=""}","{}","{{""expr1"", ""*="", ""expr2""}}","Row[{""TimesBy"", ""["", ""expr1"", "","", ""expr2"", ""]""}]","Binary","Infix","Right","TimesBy[expr1, expr2]"
"SubtractFrom","",120,"{}","{""-=""}","{}","{{""expr1"", ""-="", ""expr2""}}","Row[{""SubtractFrom"", ""["", ""expr1"", "","", ""expr2"", ""]""}]","Binary","Infix","Right","SubtractFrom[expr1, expr2]"
"DivideBy","",120,"{}","{""/=""}","{}","{{""expr1"", ""/="", ""expr2""}}","Row[{""DivideBy"", ""["", ""expr1"", "","", ""expr2"", ""]""}]","Binary","Infix","Right","DivideBy[expr1, expr2]"
"AddTo","",120,"{}","{""+=""}","{}","{{""expr1"", ""+="", ""expr2""}}","Row[{""AddTo"", ""["", ""expr1"", "","", ""expr2"", ""]""}]","Binary","Infix","Right","AddTo[expr1, expr2]"
"Function","",110,"{}","{""&""}","{}","{{""expr"", ""&""}}","Row[{""Function"", ""["", ""expr"", ""]""}]","Unary","Postfix","Left","Function[expr]"
"Colon","",100,"{}","{""∶""}","{}","{{""expr1"", ""∶"", ""expr2""}}","Row[{""Colon"", ""["", ""expr1"", "","", ""expr2"", ""]""}]","Binary","Infix","None","Colon[expr1, expr2]"
"FunctionApplyPostfix","",90,"{}","{""//""}","{}","{{""expr1"", ""//"", ""expr2""}}","Row[{""expr2"", ""["", ""expr1"", ""]""}]","Binary","Infix","Left","expr2[expr1]"
"VerticalSeparator","",80,"{}","{""""}","{}","{{""expr1"", """", ""expr2""}}","Row[{""VerticalSeparator"", ""["", ""expr1"", "","", ""expr2"", ""]""}]","Binary","Infix","None","VerticalSeparator[expr1, expr2]"
"Therefore","",70,"{}","{""∴""}","{}","{{""expr1"", ""∴"", ""expr2""}}","Row[{""Therefore"", ""["", ""expr1"", "","", ""expr2"", ""]""}]","Binary","Infix","Right","Therefore[expr1, expr2]"
"Because","",60,"{}","{""∵""}","{}","{{""expr1"", ""∵"", ""expr2""}}","Row[{""Because"", ""["", ""expr1"", "","", ""expr2"", ""]""}]","Binary","Infix","Left","Because[expr1, expr2]"
"ParameterizedFunction","",50,"{}","{""""}","{}","{{""expr1"", """", ""expr2""}}","Row[{""Function"", ""["", ""{"", ""expr1"", ""}"", "","", ""expr2"", ""]""}]","Binary","Infix","Right","Function[expr1, expr2]"
"Set","",50,"{}","{""=""}","{}","{{""expr1"", ""="", ""expr2""}}","Row[{""Set"", ""["", ""expr1"", "","", ""expr2"", ""]""}]","Binary","Infix","Right","Set[expr1, expr2]"
"SetDelayed","",50,"{}","{"":=""}","{}","{{""expr1"", "":="", ""expr2""}}","Row[{""SetDelayed"", ""["", ""expr1"", "","", ""expr2"", ""]""}]","Binary","Infix","Right","SetDelayed[expr1, expr2]"
"TagSet","",50,"{}","{""/:""}","{""=""}","{{""symb"", ""/:"", ""expr1"", ""="", ""expr2""}}","Row[{""TagSet"", ""["", ""symb"", "","", ""expr1"", ""]""}]","Ternary","Infix","Right","TagSet[symb, expr1, expr2]"
"TagSetDelayed","",50,"{}","{""/:""}","{"":=""}","{{""symb"", ""/:"", ""expr1"", "":="", ""expr2""}}","Row[{""TagSetDelayed"", ""["", ""symb"", "","", ""expr1"", ""]""}]","Ternary","Infix","Right","TagSetDelayed[symb, expr1, expr2]"
"TagUnset","",50,"{}","{""/;""}","{""=.""}","{{""symb"", ""/;"", ""expr"", ""=.""}}","Row[{""TagUnset"", ""["", ""symb"", "","", ""expr"", ""]""}]","Binary","Infix","Right","Unset[Condition[symb, expr]]"
"Unset","",50,"{}","{""=.""}","{}","{{""expr"", ""=.""}}","Row[{""Unset"", ""["", ""expr"", ""]""}]","Unary","Postfix","Left","Unset[expr]"
"UpSet","",50,"{}","{""^=""}","{}","{{""expr1"", ""^="", ""expr2""}}","Row[{""UpSet"", ""["", ""expr1"", "","", ""expr2"", ""]""}]","Binary","Infix","Right","UpSet[expr1, expr2]"
"UpSetDelayed","",50,"{}","{""^:=""}","{}","{{""expr1"", ""^:="", ""expr2""}}","Row[{""UpSetDelayed"", ""["", ""expr1"", "","", ""expr2"", ""]""}]","Binary","Infix","Right","UpSetDelayed[expr1, expr2]"
"Put","",40,"{}","{"">>""}","{}","{{""expr"", "">>"", ""filename""}}","Row[{""Put"", ""["", ""expr"", "","", ""\"""", ""filename""}]","Binary","Infix","Left","Put[expr, ""filename""]"
"PutAppend","",40,"{}","{"">>>""}","{}","{{""expr"", "">>>"", ""filename""}}","Row[{""PutAppend"", ""["", ""expr"", "","", ""\"""", ""filename""}]","Binary","Infix","Left","PutAppend[expr, ""filename""]"
"CompoundExpression","",30,"{}","{"";""}","{}","{{""expr1"", "";"", ""expr2""}}","Row[{""CompoundExpression"", ""["", ""expr1"", "","", ""expr2"", ""]""}]","Binary","Infix","None","CompoundExpression[expr1, expr2]"
"CompoundExpressionNull","",30,"{}","{"";""}","{}","{{""expr1"", "";"", ""expr2"", "";""}}","Row[{""CompoundExpression"", ""["", ""expr1"", "","", ""expr2"", ""]""}]","Unary","Postfix","Left","CompoundExpression[expr1, expr2, Null]"
"FormBox","X",20,"{}","{""\\`""}","{}","{{""expr1"", ""\\`"", ""expr2""}}","Row[{""FormBox"", ""["", ""expr2"", "","", ""expr1"", ""]""}]","Binary","Infix","Missing[""Unknown""]",""
"ImplicitSequence","X",10,"{}","{"""", "",""}","{}","{{""expr1"", """", ""expr2""}, {""expr1"", "","", ""expr2""}}","","Binary","Infix","None","expr1, expr2"
