Unofficial Name,Name,Parser Exception,NewPrec,RightPrec,Me,"Precedence Rank (WLD, corrected)","Precedence (UnicodeCharacters.tr, corrected)",Usage,Parse,Arity,Affix,Associativity,Usage String,FullForm,Meaningful,Comments
AngleBracket,AngleBracket,,-10,760,-10,1,-10,"{{Row[{""〈"", ""expr"", ""〉""}]}}","Row[{""AngleBracket"", ""["", ""expr"", "","", ""…"", ""]""}]",n-ary,Matchfix,Non,"〈expr,…〉","AngleBracket[expr, \[Ellipsis]]",False,
Association,Association,,-10,760,-10,1,-10,"{{Row[{""<|"", ""expr"",""|>""}], Row[{"""", ""expr"",""""}]}}","Row[{""Association"", ""["", ""expr"", "","", ""…"", ""]""}]",n-ary,Matchfix,Non,"<|expr,…|>","Association[expr, \[Ellipsis]]",True,
BracketingBar,BracketingBar,,-10,760,-10,1,-10,"{{Row[{"""", ""expr"", """"}]}}","Row[{""BracketingBar"", ""["", ""expr"", "","", ""…"", ""]""}]",n-ary,Matchfix,Non,"expr,…","BracketingBar[expr, \[Ellipsis]]",False,
Ceiling,Ceiling,,-10,760,-10,1,-10,"{{Row[{""⌈"", ""expr"", ""⌉""}]}}","Row[{""Ceiling"", ""["", ""expr"", ""]""}]",Unary,Matchfix,Non,⌈expr⌉,Ceiling[expr],True,
DoubleBracketingBar,DoubleBracketingBar,,-10,760,-10,1,-10,"{{Row[{"""", ""expr"", """"}]}}","Row[{""DoubleBracketingBar"", ""["", ""expr"", "","", ""…"", ""]""}]",n-ary,Matchfix,Non,"expr,…","DoubleBracketingBar[expr, \[Ellipsis]]",False,
Floor,Floor,,-10,760,-10,1,-10,"{{Row[{""⌊"", ""expr"", ""⌋""}]}}","Row[{""Floor"", ""["", ""expr"", ""]""}]",Unary,Matchfix,Non,⌊expr⌋,Floor[expr],True,
List,List,,-10,760,-10,1,-10,"{{Row[{""{"", ""expr"",""}""}]}}","Row[{""List"", ""["", ""expr"", "","", ""…"", ""]""}]",n-ary,Matchfix,Non,"{expr,…}","List[expr, \[Ellipsis]]",True,
AutoMatch,AutoMatch,,-10,760,-10,1,-10,"{{Row[{"""", ""expr"", """"}]}}","Row[{""AutoMatch"",""["",""expr"",""]""}]",Unary,Matchfix,Non,expr,AutoMatch[expr],True,
Skeleton,Skeleton,,-10,760,-10,1,-10,"{{Row[{"""", ""n"", """"}]}}","Row[{""Skeleton"",""["",""n"",""]""}]",Unary,Matchfix,Non,n,Skeleton[n],True,
CurlyDoubleQuote,CurlyDoubleQuote,,-10,760,-10,1,-10,"{{Row[{""“"", ""expr"", ""”""}]}}","Row[{""CurlyDoubleQuote"",""["",""expr"",""]""}]",Unary,Matchfix,Non,“expr”,CurlyDoubleQuote[expr],False,
CurlyQuote,CurlyQuote,,-10,760,-10,1,-10,"{{Row[{""‘"", ""expr"", ""’""}]}}","Row[{""CurlyQuote"",""["",""expr"",""]""}]",Unary,Matchfix,Non,‘expr’,CurlyQuote[expr],False,
FullwidthParenthesis,FullwidthParenthesis,,-10,760,-10,1,-10,"{{Row[{""（"", ""expr"", ""）""}]}}",,Unary,Matchfix,Non,（expr）,,True,
DoubleAngleBracket,DoubleAngleBracket,,-10,760,-10,1,-10,"{{Row[{""《"", ""expr"", ""》""}]}}",,Unary,Matchfix,Non,《expr》,,True,
FullwidthAngleBracket,FullwidthAngleBracket,,-10,760,-10,1,-10,"{{Row[{""〈"", ""expr"", ""〉""}]}}",,Unary,Matchfix,Non,〈expr〉,,True,
FullwidthSquareBracket,FullwidthSquareBracket,,-10,760,-10,1,-10,"{{Row[{""［"", ""expr"", ""］""}]}}",,Unary,Matchfix,Non,［expr］,,True,
TortoiseShellBracket,TortoiseShellBracket,,-10,760,-10,1,-10,"{{Row[{""〔"", ""expr"", ""〕""}]}}",,Unary,Matchfix,Non,〔expr〕,,True,
BlackLenticularBracket,BlackLenticularBracket,,-10,760,-10,1,-10,"{{Row[{""【"", ""expr"", ""】""}]}}",,Unary,Matchfix,Non,【expr】,,True,
WhiteCornerBracket,WhiteCornerBracket,,-10,760,-10,1,-10,"{{Row[{""『"", ""expr"", ""』""}]}}",,Unary,Matchfix,Non,『expr』,,True,
CornerBracket,CornerBracket,,-10,760,-10,1,-10,"{{Row[{""「"", ""expr"", ""」""}]}}",,Unary,Matchfix,Non,「expr」,,True,
FullwidthCurlyBracket,FullwidthCurlyBracket,,-10,760,-10,1,-10,"{{Row[{""｛"", ""expr"", ""｝""}]}}",,Unary,Matchfix,Non,｛expr｝,,True,
BoxGroup,None,,-10,760,-10,1,-10,"{{Row[{""\("", ""expr"", ""\)""}]}}",,Unary,Matchfix,Non,\(expr\),,True,The interpretation of this operator depends on context. It must contain box sublanguage. 
Parentheses,None,,-10,760,-10,1,-10,"{{Row[{""("", ""expr"", "")""}]}}",,Unary,Matchfix,Non,(expr),,True,
NumberBase,None,X,-10,760,-10,1,-10,"{{Row[{""n"", ""^^"", ""digits""}]}}","{{Row[{""n"", ""^^"", ""digits""}]}}",Binary,Infix,Non,n^^digits,,True,Interprets digits as a number literal in base n. The base n must be a positive integer no greater than 36.
NumberMagnitude,None,,-10,760,-10,1,-10,"{{Row[{""number"", ""*^"", ""magnitude""}]}}","{{Row[{""number"", ""*^"", ""magnitude""}]}}",Binary,Infix,Non,number*^magnitude,,True,"Gives mantissa*base^magnitude, where base^^mantissa=number and magnitude is a decimal number expressed without ^^, `, or ``. Only allowed in a number literal, and only after any ` or ``."
NumberPrecisionPostfix,None,,-10,760,-10,1,-10,"{{Row[{""number"", ""`""}]}}","{{Row[{""number"", ""`""}]}}",Unary,Postfix,Left,number`,,True,"Specifies the precision of number to be $MachinePrecision. Any magnitude must come after `."""
NumberPrecision,None,,-10,760,-10,1,,"{{Row[{""number"", ""`"", ""s""}]}}","{{Row[{""number"", ""`"", ""s""}]}}",Binary,Infix,Non,number`s,,True,"Specifies the precision of number, where s is a positive decimal expressed without using ^^ or `. Any magnitude must come after `."""
NumberAccuracy,None,,-10,760,-10,1,,"{{Row[{""number"", ""``"", ""s""}]}}","{{Row[{""number"", ""``"", ""s""}]}}",Binary,Infix,Non,number``s,,True,"Specifies the accuracy (in number of digits to the right of decimal) of number, where s is a positive decimal expressed without using ^^ or `. A magnitude must come after ``."
ContextPathSeparator,None,X,-10,760,-10,1,,"{{Row[{""symb1"", ""`"", ""symb2""}]}}","{{Row[{""symb1"", ""`"", ""symb2""}]}}",,,Non,,,True,"Functions as a decimal point: either contextpath1 or contextpath2 may be empty, but not both at the same time."
MessageName,MessageName,,1060,750,,2,,"{{Row[{""expr"", ""::"", ""string""}]}}","Row[{""MessageName"", ""["", ""expr"", "","", ""\"""", ""string"", ""\"""", ""]""}]",Binary,Infix,Non,expr::string,"MessageName[expr, ""string""]",True,
SlotNumber,Slot,X,1050,740,2,3,,"{{Row[{""#"", ""n""}]}}","Row[{""Slot"", ""["", ""n"", ""]""}]",Unary,Prefix,Non,#n,Slot[n],True,
SlotSequenceNumber,SlotSequence,X,1050,740,2,3,,"{{Row[{""##"", ""n""}]}}","Row[{""SlotSequence"", ""["", ""n"", ""]""}]",Unary,Prefix,Non,##n,SlotSequence[n],True,
Slot,Slot,X,1040,740,1,3,,"{{Row[{""#""}]}}","Row[{""Slot"", ""["", ""1"", ""]""}]",Nullary,None,Non,#,Slot[1],True,
SlotSequence,SlotSequence,X,1040,740,1,3,,"{{Row[{""##""}]}}","Row[{""SlotSequence"", ""["", ""1"", ""]""}]",Nullary,None,Non,##,SlotSequence[1],True,
Out,Out,,1030,735,2,4,,"{{Row[{""%%"", ""…"", ""%""}]}}","Row[{""Out"", ""["", ""-"", ""n"", ""]""}]",Nullary,None,Non,%%…%,Out[-n],True,
OutNumber,Out,,1020,735,1,4,,"{{Row[{""%"", ""n""}]}}","Row[{""Out"", ""["", ""n"", ""]""}]",Unary,Prefix,Non,%n,Out[n],True,
BlankHead,Blank,,1010,730,4,5,,"{{Row[{""_"", ""expr""}]}}","Row[{""Blank"", ""["", ""expr"", ""]""}]",Unary,Prefix,Non,_expr,Blank[expr],True,
BlankSequenceHead,BlankSequence,,1010,730,4,5,,"{{Row[{""__"", ""expr""}]}}","Row[{""BlankSequence"", ""["", ""expr"", ""]""}]",Unary,Prefix,Non,__expr,BlankSequence[expr],True,
BlankNullSequenceHead,BlankNullSequence,,1010,730,4,5,,"{{Row[{""___"", ""expr""}]}}","Row[{""BlankNullSequence"", ""["", ""expr"", ""]""}]",Unary,Prefix,Non,___expr,BlankNullSequence[expr],True,
NamedBlankHead,Blank,,1000,730,3,5,,"{{Row[{""symb"", ""_"", ""expr""}]}}","Row[{""Pattern"", ""["", ""symb"", "","", ""Blank"", ""["", ""expr"", ""]"", ""]""}]",Binary,Infix,Non,symb_expr,"Pattern[symb, Blank[expr]]",True,
NamedBlankSequenceHead,BlankSequence,,1000,730,3,5,,"{{Row[{""symb"", ""__"", ""expr""}]}}","Row[{""Pattern"", ""["", ""symb"", "","", ""BlankSequence"", ""["", ""expr"", ""]"", ""]""}]",Binary,Infix,Non,symb__expr,"Pattern[symb, BlankSequence[expr]]",True,
NamedBlankNullSequenceHead,BlankNullSequence,,1000,730,3,5,,"{{Row[{""symb"", ""___"", ""expr""}]}}","Row[{""Pattern"", ""["", ""symb"", "","", ""BlankNullSequence"", ""["", ""expr"", ""]"", ""]""}]",Binary,Infix,Non,symb___expr,"Pattern[symb, BlankNullSequence[expr]]",True,
NamedBlank,Blank,,990,730,2,5,,"{{Row[{""symb"", ""_""}]}}","Row[{""Pattern"", ""["", ""symb"", "","", ""Blank"", ""["", ""]"", ""]""}]",Unary,Postfix,Non,symb_,"Pattern[symb, Blank[]]",True,
NamedBlankSequence,BlankSequence,,990,730,2,5,,"{{Row[{""symb"", ""__""}]}}","Row[{""Pattern"", ""["", ""symb"", "","", ""BlankSequence"", ""["", ""]"", ""]""}]",Unary,Postfix,Non,symb__,"Pattern[symb, BlankSequence[]]",True,
NamedBlankOptional,Blank,,990,730,2,5,,"{{Row[{""symb"", ""_.""}]}}","Row[{""Optional"", ""["", ""Pattern"", "","", ""Blank"", ""["", ""]"", ""]"", ""]""}]",Unary,Postfix,Non,symb_.,"Optional[Pattern[symb, Blank[]]]",True,
NamedBlankNullSequence,BlankNullSequence,,990,730,2,5,,"{{Row[{""symb"", ""___""}]}}","Row[{""Pattern"", ""["", ""symb"", "","", ""BlankNullSequence"", ""["", ""]"", ""]""}]",Unary,Postfix,Non,symb___,"Pattern[symb, BlankNullSequence[]]",True,
Blank,Blank,,980,730,1,5,,"{{Row[{""_""}]}}","Row[{""Blank"", ""["", ""]""}]",Nullary,None,Non,_,Blank[],True,A Blank (_) with no accompanying decoration.
BlankNullSequence,BlankNullSequence,,980,730,1,5,,"{{Row[{""___""}]}}","Row[{""BlankNullSequence"", ""["", ""]""}]",Nullary,None,Non,___,BlankNullSequence[],True,A BlankNullSequence (___) with no accompanying decoration.
BlankOptional,Blank,,980,730,1,5,,"{{Row[{""_.""}]}}","Row[{""Optional"", ""["", ""Blank"", ""]""}]",Nullary,None,Non,_.,Optional[Blank[]],True,No name or head.
BlankSequence,BlankSequence,,980,730,1,5,,"{{Row[{""__""}]}}","Row[{""BlankSequence"", ""["", ""]""}]",Nullary,None,Non,__,BlankSequence[],True,A BlankNullSequence (__) with no accompanying decoration.
Get,Get,,970,720,,6,,"{{Row[{""<<"", ""filename""}]}}","Row[{""Get"", ""["", ""\"""", ""filename""}]",Unary,Prefix,Right,<<filename,"Get[""filename""]",True,
InvisiblePrefixScriptBase,InvisiblePrefixScriptBase,,960,,1,,800,"{Row[{"""", ""expr""}]}","Row[{""InvisiblePrefixScriptBase"", ""["", ""expr"", ""]""}]",Unary,Prefix,Right,,,False,Usage and Parse may not be semantically correct.
InvisiblePostfixScriptBase,InvisiblePostfixScriptBase,,960,,1,,800,"{Row[{""expr"", """"}]}","Row[{""InvisiblePostfixScriptBase"", ""["", ""expr"", ""]""}]",Unary,Postfix,Left,,,False,This operator is an invisible Unicode character and is used in the layout of displayed expressions.
PartialOverscriptBox,PartialOverscriptBox,,950,710,,,790,"{Row[{""expr"", """"}]}","Row[{""FractionBox"", ""["", ""expr"", "",\""\\["", ""Placeholder"", ""]\""]""}]",Unary,Postfix,Left,,,False,This operator is an invisible Unicode character and is used in the layout of displayed expressions.
OverscriptBox,Overscript,X,950,710,,7,790,"{{Row[{""expr1"", ""\&"", ""expr2""}]}}","Row[{""OverscriptBox"", ""["", ""expr1"", "","", ""expr2"", ""]""}]",Binary,Infix,"Missing[""Unknown""]",expr1\&expr2,,True,
PartialUnderscriptBox,PartialUnderscriptBox,,950,710,,7,790,"{Row[{""expr"", """"}]}","Row[{""FractionBox"", ""["", ""expr"", "",\""\\["", ""Placeholder"", ""]\""]""}]",Unary,Postfix,Left,,,False,This operator is an invisible Unicode character and is used in the layout of displayed expressions.
UnderscriptBox,Underscript,X,950,710,,7,,"{{Row[{""expr1"", ""\+"", ""expr2""}]}}","Row[{""UnderscriptBox"", ""["", ""expr1"", "","", ""expr2"", ""]""}]",Binary,Infix,"Missing[""Unknown""]",expr1\+expr2,,True,
OverunderscriptBox,Underoverscript,X,940,700,,7.5,,"{{Row[{""expr1"", ""\&"", ""expr2"", ""\%"", ""expr3""}]}}","Row[{""UnderoverscriptBox"", ""["", ""expr1"", "","", ""expr3"", ""]""}]",Ternary,Infix,"Missing[""Unknown""]",expr1\&expr2\%expr3,,True,
UnderoverscriptBox,Underoverscript,X,940,700,,7.5,,"{{Row[{""expr1"", ""\+"", ""expr2"", ""\%"", ""expr3""}]}}","Row[{""UnderoverscriptBox"", ""["", ""expr1"", "","", ""expr2"", ""]""}]",Ternary,Infix,"Missing[""Unknown""]",expr1\+expr2\%expr3,,True,
InterpretBoxes,None,X,930,696,,,,"{Row[{""\*"", ""expr""}]}",,Unary,Prefix,Right,\*expr,,True,
PartialSubscriptBox,PartialSubscriptBox,X,920,695,4,,780,"{Row[{""expr"", """"}]}","Row[{""FractionBox"", ""["", ""expr"", "",\""\\["", ""Placeholder"", ""]\""]""}]",Unary,Postfix,Left,,,False,This operator is an invisible Unicode character and is used in the layout of displayed expressions.
SubscriptBox,Subscript,X,920,695,4,8,,"{{Row[{""expr1"", ""\_"", ""expr2""}]}}","Row[{""SubscriptBox"", ""["", ""expr1"", "","", ""expr2"", ""]""}]",Binary,Infix,"Missing[""Unknown""]",expr1\_expr2,,True,
SubsuperscriptBox,Subsuperscript,X,920,695,4,8,,"{{Row[{""expr1"", ""\_"", ""expr2"", ""\%"", ""expr3""}]}}","Row[{""SubsuperscriptBox"", ""["", ""expr1"", "","", ""expr2"", ""]""}]",Ternary,Infix,"Missing[""Unknown""]",expr1\_expr2\%expr3,,True,
PatternTest,PatternTest,,910,690,3,9,,"{{Row[{""expr1"", ""?"", ""expr2""}]}}","Row[{""PatternTest"", ""["", ""expr1"", "","", ""expr2"", ""]""}]",Binary,Infix,"Missing[""Unknown""]",expr1?expr2,"PatternTest[expr1, expr2]",True,
InlinePart,InlinePart,,900,,2,,763,"{{Row[{""expr1"", """", ""expr2""}]}}","Row[{""InlinePart"", ""["", ""expr1"", "","", ""expr2"", ""]""}]",Binary,Infix,Right,,"RowBox[List[expr1, InlinePart, expr2]]",False,
Part,Part,,890,680,1,10,762,"{{Row[{""expr1"", ""[["", ""expr2"",""]]""}], Row[{""expr1"", ""〚"", ""expr2"",""〛""}]}}","Row[{""Part"", ""["", ""expr1"", "","", ""expr2"", ""]""}]",n-ary,Postfix,Left,"expr1[[expr2,…]]","Part[expr1, expr2, \[Ellipsis]]",True,
FunctionApply,None,,890,680,1,,761,"{{Row[{""expr1"", ""["", ""expr2"", ""]""}]}}","{{Row[{""expr1"", ""["", ""expr2"", "","", ""…"", ""]""}]}}",n-ary,Postfix,Left,"expr1[expr2, \[Ellipsis]]","expr1[expr2, \[Ellipsis]]",True,
Decrement,Decrement,,880,670,,11,760,"{{Row[{""expr"", ""--""}]}}","Row[{""Decrement"", ""["", ""expr"", ""]""}]",Unary,Postfix,Left,expr--,Decrement[expr],True,
Increment,Increment,,880,670,,11,760,"{{Row[{""expr"", ""++""}]}}","Row[{""Increment"", ""["", ""expr"", ""]""}]",Unary,Postfix,Left,expr++,Increment[expr],True,
PreDecrement,PreDecrement,,870,660,,12,750,"{{Row[{""--"", ""expr""}]}}","Row[{""PreDecrement"", ""["", ""expr"", ""]""}]",Unary,Prefix,Right,--expr,PreDecrement[expr],True,
PreIncrement,PreIncrement,,870,660,,12,750,"{{Row[{""++"", ""expr""}]}}","Row[{""PreIncrement"", ""["", ""expr"", ""]""}]",Unary,Prefix,Right,++expr,PreIncrement[expr],True,
Composition,Composition,,860,650,2,13,740,"{{Row[{""expr1"", ""@*"", ""expr2""}]}}","Row[{""Composition"", ""["", ""expr1"", "","", ""expr2"", ""]""}]",Binary,Infix,None,expr1@*expr2,"Composition[expr1, expr2]",True,
RightComposition,RightComposition,,850,650,1,13,740,"{{Row[{""expr1"", ""/*"", ""expr2""}]}}","Row[{""RightComposition"", ""["", ""expr1"", "","", ""expr2"", ""]""}]",Binary,Infix,None,expr1/*expr2,"RightComposition[expr1, expr2]",True,
FunctionApplyPrefix,Prefix,,840,640,,14,730,"{{Row[{""expr1"", ""@"", ""expr2""}], Row[{""expr1"", """", ""expr2""}]}}","Row[{""expr1"", ""["", ""expr2"", ""]""}]",Binary,Infix,Right,expr1@expr2,expr1[expr2],True,Operator Notations includes usages with invisible unicode characters.
FunctionApplyInfix,Infix,,830,630,,15,720,"{{Row[{""expr1"", ""~"", ""expr2"", ""~"", ""expr3""}]}}","Row[{""expr2"", ""["", ""expr1"", "","", ""expr3"", ""]""}]",Ternary,Infix,Left,expr1~expr2~expr3,"expr2[expr1, expr3]",True,"Infix[f[x,y]] will display as x~f~y. Precedence identifies Infix with this operator, and Precedence[Infix]==30 which is almost correct."
Apply,Apply,,820,620,2,16,710,"{{Row[{""expr1"", ""@@"", ""expr2""}]}}","Row[{""Apply"", ""["", ""expr1"", "","", ""expr2"", ""]""}]",Binary,Infix,Right,expr1@@expr2,"Apply[expr1, expr2]",True,
ApplyFirstLevel,Apply,,810,620,1,16,710,"{{Row[{""expr1"", ""@@@"", ""expr2""}]}}","Row[{""Apply"", ""["", ""expr1"", "","", ""expr2"", ""{"", ""1"", ""}"", ""]""}]",Binary,Infix,Right,expr1@@@expr2,"Apply[expr1, expr2, List[1]]",True,
Map,Map,,800,620,,16,710,"{{Row[{""expr1"", ""/@"", ""expr2""}]}}","Row[{""Map"", ""["", ""expr1"", "","", ""expr2"", ""]""}]",Binary,Infix,Right,expr1/@expr2,"Map[expr1, expr2]",True,
MapAll,MapAll,,800,620,,16,710,"{{Row[{""expr1"", ""//@"", ""expr2""}]}}","Row[{""MapAll"", ""["", ""expr1"", "","", ""expr2"", ""]""}]",Binary,Infix,Right,expr1//@expr2,"MapAll[expr1, expr2]",True,
Factorial,Factorial,,790,610,,17,700,"{{Row[{""expr"", ""!""}]}}","Row[{""Factorial"", ""["", ""expr"", ""]""}]",Unary,Postfix,Left,expr!,Factorial[expr],True,
Factorial2,Factorial2,,790,610,,17,700,"{{Row[{""expr"", ""!!""}]}}","Row[{""Factorial2"", ""["", ""expr"", ""]""}]",Unary,Postfix,Left,expr!!,Factorial2[expr],True,
Conjugate,Conjugate,,780,605,,18,695,"{{Row[{""expr"", """"}]}}","Row[{""Conjugate"", ""["", ""expr"", ""]""}]",Unary,Postfix,Left,expr,Conjugate[expr],True,
ConjugateTranspose,ConjugateTranspose,,780,605,,18,695,"{{Row[{""expr"", """"}], Row[{""expr"", """"}]}}","Row[{""ConjugateTranspose"", ""["", ""expr"", ""]""}]",Unary,Postfix,Left,expr,ConjugateTranspose[expr],True,
SuperDagger,SuperDagger,,780,605,,18,695,"{{Row[{""expr"", ""^"", ""†""}]}}","Row[{""SuperDagger"", ""["", ""expr"", ""]""}]",Unary,Postfix,Left,expr^†,"Power[expr, \[Dagger]]",True,
Transpose,Transpose,,780,605,,18,695,"{{Row[{""expr"", """"}]}}","Row[{""Transpose"", ""["", ""expr"", ""]""}]",Unary,Postfix,Left,expr,Transpose[expr],True,
Derivative,Derivative,,770,604,,19,,"{{Row[{""expr"", ""''""}]}}","Row[{""Derivative"", ""["", ""n"", ""]"", ""["", ""expr"", ""]""}]",Unary,Postfix,Left,expr''⋯',Derivative[n][expr],True,
StringJoin,StringJoin,,760,600,,20,,"{{Row[{""expr1"", ""<>"", ""expr2""}]}}","Row[{""StringJoin"", ""["", ""expr1"", "","", ""expr2"", ""]""}]",Binary,Infix,None,expr1<>expr2,"StringJoin[expr1, expr2]",True,
Power,Power,,750,590,,21,660,"{{Row[{""expr1"", ""^"", ""expr2""}]}}","Row[{""Power"", ""["", ""expr1"", "","", ""expr2"", ""]""}]",Binary,Infix,Right,expr1^expr2,"Power[expr1, expr2]",True,
PartialSuperscriptBox,PartialSuperscriptBox,,750,590,,21,660,"{Row[{""expr"", """"}]}","Row[{""FractionBox"", ""["", ""expr"", "",\""\\["", ""Placeholder"", ""]\""]""}]",Unary,Postfix,Left,,,False,This operator is an invisible Unicode character and is used in the layout of displayed expressions.
SuperscriptBox,SuperscriptBox,,750,590,,21,660,"{{Row[{""expr1"", ""\^"", ""expr2""}]}}","Row[{""SuperscriptBox"", ""["", ""expr1"", "","", ""expr2"", ""]""}]",Binary,Infix,Right,expr1\^expr2,,True,
SupersubscriptBox,SubsuperscriptBox,,750,590,,21,660,"{{Row[{""expr1"", ""\^"", ""expr2"", ""\%"", ""expr3""}]}}","Row[{""SubsuperscriptBox"", ""["", ""expr1"", "","", ""expr3"", ""]""}]",Ternary,Infix,Right,expr1\^expr2\%expr3,,True,
DoubleDownArrow,DoubleDownArrow,,740,580,,21.5,650,"{{Row[{""x"", ""⇓"", ""y""}]}}","Row[{""DoubleDownArrow"", ""["", ""x"", "","", ""y"", ""]""}]",Binary,Infix,None,x⇓y,"DoubleDownArrow[x, y]",False,
DoubleLongLeftArrow,DoubleLongLeftArrow,,740,580,,21.5,650,"{{Row[{""x"", ""⟸"", ""y""}]}}","Row[{""DoubleLongLeftArrow"", ""["", ""x"", "","", ""y"", ""]""}]",Binary,Infix,None,x⟸y,"DoubleLongLeftArrow[x, y]",False,
DoubleLongLeftRightArrow,DoubleLongLeftRightArrow,,740,580,,21.5,650,"{{Row[{""x"", ""⟺"", ""y""}]}}","Row[{""DoubleLongLeftRightArrow"", ""["", ""x"", "","", ""y"", ""]""}]",Binary,Infix,None,x⟺y,"DoubleLongLeftRightArrow[x, y]",False,
DoubleLongRightArrow,DoubleLongRightArrow,,740,580,,21.5,650,"{{Row[{""x"", ""⟹"", ""y""}]}}","Row[{""DoubleLongRightArrow"", ""["", ""x"", "","", ""y"", ""]""}]",Binary,Infix,None,x⟹y,"DoubleLongRightArrow[x, y]",False,
DoubleUpArrow,DoubleUpArrow,,740,580,,21.5,650,"{{Row[{""x"", ""⇑"", ""y""}]}}","Row[{""DoubleUpArrow"", ""["", ""x"", "","", ""y"", ""]""}]",Binary,Infix,None,x⇑y,"DoubleUpArrow[x, y]",False,
DoubleUpDownArrow,DoubleUpDownArrow,,740,580,,21.5,650,"{{Row[{""x"", ""⇕"", ""y""}]}}","Row[{""DoubleUpDownArrow"", ""["", ""x"", "","", ""y"", ""]""}]",Binary,Infix,None,x⇕y,"DoubleUpDownArrow[x, y]",False,
DownArrow,DownArrow,,740,580,,21.5,650,"{{Row[{""x"", ""↓"", ""y""}]}}","Row[{""DownArrow"", ""["", ""x"", "","", ""y"", ""]""}]",Binary,Infix,None,x↓y,"DownArrow[x, y]",False,
DownArrowBar,DownArrowBar,,740,580,,21.5,650,"{{Row[{""x"", ""⤓"", ""y""}]}}","Row[{""DownArrowBar"", ""["", ""x"", "","", ""y"", ""]""}]",Binary,Infix,None,x⤓y,"DownArrowBar[x, y]",False,
DownArrowUpArrow,DownArrowUpArrow,,740,580,,21.5,650,"{{Row[{""x"", ""⇵"", ""y""}]}}","Row[{""DownArrowUpArrow"", ""["", ""x"", "","", ""y"", ""]""}]",Binary,Infix,None,x⇵y,"DownArrowUpArrow[x, y]",False,
DownTeeArrow,DownTeeArrow,,740,580,,21.5,650,"{{Row[{""x"", ""↧"", ""y""}]}}","Row[{""DownTeeArrow"", ""["", ""x"", "","", ""y"", ""]""}]",Binary,Infix,None,x↧y,"DownTeeArrow[x, y]",False,
LeftDownTeeVector,LeftDownTeeVector,,740,580,,21.5,650,"{{Row[{""x"", ""⥡"", ""y""}]}}","Row[{""LeftDownTeeVector"", ""["", ""x"", "","", ""y"", ""]""}]",Binary,Infix,None,x⥡y,"LeftDownTeeVector[x, y]",False,
LeftDownVector,LeftDownVector,,740,580,,21.5,650,"{{Row[{""x"", ""⇃"", ""y""}]}}","Row[{""LeftDownVector"", ""["", ""x"", "","", ""y"", ""]""}]",Binary,Infix,None,x⇃y,"LeftDownVector[x, y]",False,
LeftDownVectorBar,LeftDownVectorBar,,740,580,,21.5,650,"{{Row[{""x"", ""⥙"", ""y""}]}}","Row[{""LeftDownVectorBar"", ""["", ""x"", "","", ""y"", ""]""}]",Binary,Infix,None,x⥙y,"LeftDownVectorBar[x, y]",False,
LeftUpDownVector,LeftUpDownVector,,740,580,,21.5,650,"{{Row[{""x"", ""⥑"", ""y""}]}}","Row[{""LeftUpDownVector"", ""["", ""x"", "","", ""y"", ""]""}]",Binary,Infix,None,x⥑y,"LeftUpDownVector[x, y]",False,
LeftUpTeeVector,LeftUpTeeVector,,740,580,,21.5,650,"{{Row[{""x"", ""⥠"", ""y""}]}}","Row[{""LeftUpTeeVector"", ""["", ""x"", "","", ""y"", ""]""}]",Binary,Infix,None,x⥠y,"LeftUpTeeVector[x, y]",False,
LeftUpVector,LeftUpVector,,740,580,,21.5,650,"{{Row[{""x"", ""↿"", ""y""}]}}","Row[{""LeftUpVector"", ""["", ""x"", "","", ""y"", ""]""}]",Binary,Infix,None,x↿y,"LeftUpVector[x, y]",False,
LeftUpVectorBar,LeftUpVectorBar,,740,580,,21.5,650,"{{Row[{""x"", ""⥘"", ""y""}]}}","Row[{""LeftUpVectorBar"", ""["", ""x"", "","", ""y"", ""]""}]",Binary,Infix,None,x⥘y,"LeftUpVectorBar[x, y]",False,
LongLeftArrow,LongLeftArrow,,740,580,,21.5,650,"{{Row[{""x"", ""⟵"", ""y""}]}}","Row[{""LongLeftArrow"", ""["", ""x"", "","", ""y"", ""]""}]",Binary,Infix,None,x⟵y,"LongLeftArrow[x, y]",False,
LongLeftRightArrow,LongLeftRightArrow,,740,580,,21.5,650,"{{Row[{""x"", ""⟷"", ""y""}]}}","Row[{""LongLeftRightArrow"", ""["", ""x"", "","", ""y"", ""]""}]",Binary,Infix,None,x⟷y,"LongLeftRightArrow[x, y]",False,
LongRightArrow,LongRightArrow,,740,580,,21.5,650,"{{Row[{""x"", ""⟶"", ""y""}]}}","Row[{""LongRightArrow"", ""["", ""x"", "","", ""y"", ""]""}]",Binary,Infix,None,x⟶y,"LongRightArrow[x, y]",False,
ReverseUpEquilibrium,ReverseUpEquilibrium,,740,580,,21.5,650,"{{Row[{""x"", ""⥯"", ""y""}]}}","Row[{""ReverseUpEquilibrium"", ""["", ""x"", "","", ""y"", ""]""}]",Binary,Infix,None,x⥯y,"ReverseUpEquilibrium[x, y]",False,
RightDownTeeVector,RightDownTeeVector,,740,580,,21.5,650,"{{Row[{""x"", ""⥝"", ""y""}]}}","Row[{""RightDownTeeVector"", ""["", ""x"", "","", ""y"", ""]""}]",Binary,Infix,None,x⥝y,"RightDownTeeVector[x, y]",False,
RightDownVector,RightDownVector,,740,580,,21.5,650,"{{Row[{""x"", ""⇂"", ""y""}]}}","Row[{""RightDownVector"", ""["", ""x"", "","", ""y"", ""]""}]",Binary,Infix,None,x⇂y,"RightDownVector[x, y]",False,
RightDownVectorBar,RightDownVectorBar,,740,580,,21.5,650,"{{Row[{""x"", ""⥕"", ""y""}]}}","Row[{""RightDownVectorBar"", ""["", ""x"", "","", ""y"", ""]""}]",Binary,Infix,None,x⥕y,"RightDownVectorBar[x, y]",False,
RightUpDownVector,RightUpDownVector,,740,580,,21.5,650,"{{Row[{""x"", ""⥏"", ""y""}]}}","Row[{""RightUpDownVector"", ""["", ""x"", "","", ""y"", ""]""}]",Binary,Infix,None,x⥏y,"RightUpDownVector[x, y]",False,
RightUpTeeVector,RightUpTeeVector,,740,580,,21.5,650,"{{Row[{""x"", ""⥜"", ""y""}]}}","Row[{""RightUpTeeVector"", ""["", ""x"", "","", ""y"", ""]""}]",Binary,Infix,None,x⥜y,"RightUpTeeVector[x, y]",False,
RightUpVector,RightUpVector,,740,580,,21.5,650,"{{Row[{""x"", ""↾"", ""y""}]}}","Row[{""RightUpVector"", ""["", ""x"", "","", ""y"", ""]""}]",Binary,Infix,None,x↾y,"RightUpVector[x, y]",False,
RightUpVectorBar,RightUpVectorBar,,740,580,,21.5,650,"{{Row[{""x"", ""⥔"", ""y""}]}}","Row[{""RightUpVectorBar"", ""["", ""x"", "","", ""y"", ""]""}]",Binary,Infix,None,x⥔y,"RightUpVectorBar[x, y]",False,
ShortDownArrow,ShortDownArrow,,740,580,,21.5,650,"{{Row[{""x"", """", ""y""}]}}","Row[{""ShortDownArrow"", ""["", ""x"", "","", ""y"", ""]""}]",Binary,Infix,None,xy,"ShortDownArrow[x, y]",False,
ShortUpArrow,ShortUpArrow,,740,580,,21.5,650,"{{Row[{""x"", """", ""y""}]}}","Row[{""ShortUpArrow"", ""["", ""x"", "","", ""y"", ""]""}]",Binary,Infix,None,xy,"ShortUpArrow[x, y]",False,
UpArrow,UpArrow,,740,580,,21.5,650,"{{Row[{""x"", ""↑"", ""y""}]}}","Row[{""UpArrow"", ""["", ""x"", "","", ""y"", ""]""}]",Binary,Infix,None,x↑y,"UpArrow[x, y]",False,
UpArrowBar,UpArrowBar,,740,580,,21.5,650,"{{Row[{""x"", ""⤒"", ""y""}]}}","Row[{""UpArrowBar"", ""["", ""x"", "","", ""y"", ""]""}]",Binary,Infix,None,x⤒y,"UpArrowBar[x, y]",False,
UpArrowDownArrow,UpArrowDownArrow,,740,580,,21.5,650,"{{Row[{""x"", ""⇅"", ""y""}]}}","Row[{""UpArrowDownArrow"", ""["", ""x"", "","", ""y"", ""]""}]",Binary,Infix,None,x⇅y,"UpArrowDownArrow[x, y]",False,
UpDownArrow,UpDownArrow,,740,580,,21.5,650,"{{Row[{""x"", ""↕"", ""y""}]}}","Row[{""UpDownArrow"", ""["", ""x"", "","", ""y"", ""]""}]",Binary,Infix,None,x↕y,"UpDownArrow[x, y]",False,
UpEquilibrium,UpEquilibrium,,740,580,,21.5,650,"{{Row[{""x"", ""⥮"", ""y""}]}}","Row[{""UpEquilibrium"", ""["", ""x"", "","", ""y"", ""]""}]",Binary,Infix,None,x⥮y,"UpEquilibrium[x, y]",False,
UpTeeArrow,UpTeeArrow,,740,580,,21.5,650,"{{Row[{""x"", ""↥"", ""y""}]}}","Row[{""UpTeeArrow"", ""["", ""x"", "","", ""y"", ""]""}]",Binary,Infix,None,x↥y,"UpTeeArrow[x, y]",False,
Sqrt,Sqrt,,730,570,,22,640,"{{Row[{""√"", ""expr""}]}}","Row[{""Sqrt"", ""["", ""expr"", ""]""}]",Unary,Prefix,Right,√expr,Sqrt[expr],True,
RadicalBox,RadicalBox,,730,570,,22,640,"{{Row[{""\@"", ""expr1"", ""\%"", ""expr2""}]}}","Row[{""RadicalBox"", ""["", ""expr1"", "","", ""expr2"", ""]""}]",Binary,Prefix,Right,\@expr1\%expr2,,True,
SqrtBox,Sqrt,,730,570,,22,640,"{{Row[{""\@"", ""expr""}]}}","Row[{""SqrtBox"", ""["", ""expr"", ""]""}]",Unary,Prefix,Right,\@expr,,True,
CapitalDifferentialD,CapitalDifferentialD,,720,560,3,24,630,"{{Row[{"""", ""x""}]}}","Row[{""CapitalDifferentialD"", ""["", ""x"", ""]""}]",Unary,Prefix,Right,x,CapitalDifferentialD[x],False,
DifferentialD,DifferentialD,,720,560,3,24,630,"{{Row[{"""", ""x""}]}}","Row[{""DifferentialD"", ""["", ""x"", ""]""}]",Unary,Prefix,Right,x,DifferentialD[x],False,
DifferenceDelta,DifferenceDelta,,710,550,2,,620,"{Row[{"""", ""expr""}]}","Row[{""DifferenceDelta"", ""["", ""expr"", ""]""}]",Unary,Prefix,Right,,,True,Usage and Parse may not be semantically correct.
DiscreteRatio,DiscreteRatio,,710,550,2,,620,"{Row[{"""", ""expr""}]}","Row[{""DiscreteRatio"", ""["", ""expr"", ""]""}]",Unary,Prefix,Right,,,True,Usage and Parse may not be semantically correct.
DiscreteShift,DiscreteShift,,710,550,2,,620,"{Row[{"""", ""expr""}]}","Row[{""DiscreteShift"", ""["", ""expr"", ""]""}]",Unary,Prefix,Right,,,True,Usage and Parse may not be semantically correct.
Laplacian,Laplacian,,710,550,2,,620,"{Row[{""∆"", ""expr""}]}","Row[{""Laplacian"", ""["", ""expr"", ""]""}]",Unary,Prefix,Right,,,True,Usage and Parse may not be semantically correct.
PartialD,PartialD,,710,550,2,,620,"{Row[{""∂"", ""expr""}]}","Row[{""PartialD"", ""["", ""expr"", ""]""}]",Unary,Prefix,Right,,,True,Usage and Parse may not be semantically correct.
Del,Del,,710,550,2,24,620,"{{Row[{""∇"", ""expr""}]}}","Row[{""Del"", ""["", ""expr"", ""]""}]",Unary,Prefix,Right,∇expr,Del[expr],False,
Gradient,Gradient,,700,,1,,615,"{Row[{"""", ""expr""}]}","Row[{""Gradient"", ""["", ""expr"", ""]""}]",Unary,Prefix,Right,,,True,Usage and Parse may not be semantically correct.
Square,Square,,690,540,,24.5,610,"{{Row[{"""", ""expr""}]}}","Row[{""Square"", ""["", ""expr"", ""]""}]",Unary,Prefix,Right,expr,Square[expr],False,
Piecewise,Piecewise,,680,,1,,600,"{Row[{"""", ""expr""}]}","Row[{""Piecewise"", ""["", ""expr"", ""]""}]",Unary,Prefix,Right,,,True,Usage and Parse may not be semantically correct.
SmallCircle,SmallCircle,,670,530,,25,607,"{{Row[{""expr1"", ""∘"", ""expr2""}]}}","Row[{""SmallCircle"", ""["", ""expr1"", "","", ""expr2"", ""]""}]",Binary,Infix,None,expr1∘expr2,"SmallCircle[expr1, expr2]",False,
CircleDot,CircleDot,,660,520,,26,605,"{{Row[{""expr1"", ""⊙"", ""expr2""}]}}","Row[{""CircleDot"", ""["", ""expr1"", "","", ""expr2"", ""]""}]",Binary,Infix,None,expr1⊙expr2,"CircleDot[expr1, expr2]",False,
NonCommutativeMultiply,NonCommutativeMultiply,,650,510,,27,604,"{{Row[{""expr1"", ""**"", ""expr2""}]}}","Row[{""NonCommutativeMultiply"", ""["", ""expr1"", "","", ""expr2"", ""]""}]",Binary,Infix,None,expr1**expr2,"NonCommutativeMultiply[expr1, expr2]",True,
Cross,Cross,,640,500,,28,603,"{{Row[{""expr1"", """", ""expr2""}]}}","Row[{""Cross"", ""["", ""expr1"", "","", ""expr2"", ""]""}]",Binary,Infix,None,expr1expr2,"Cross[expr1, expr2]",True,
Dot,Dot,,630,490,,29,603,"{{Row[{""expr1"", ""."", ""expr2""}]}}","Row[{""Dot"", ""["", ""expr1"", "","", ""expr2"", ""]""}]",Binary,Infix,None,expr1.expr2,"Dot[expr1, expr2]",True,
TensorWedge,TensorWedge,,620,,4,,603,"{{Row[{""expr1"", """", ""expr2""}]}}","Row[{""TensorWedge"", ""["", ""expr1"", "","", ""expr2"", ""]""}]",Binary,Infix,None,expr1expr2,"TensorWedge[expr1, expr2]",True,
TensorProduct,TensorProduct,,610,,3,,602,"{{Row[{""expr1"", """", ""expr2""}]}}","Row[{""TensorProduct"", ""["", ""expr1"", "","", ""expr2"", ""]""}]",Binary,Infix,None,expr1expr2,"TensorProduct[expr1, expr2]",True,
PermutationProduct,PermutationProduct,,600,,2,,605,"{{Row[{""expr1"", """", ""expr2""}]}}","Row[{""PermutationProduct"", ""["", ""expr1"", "","", ""expr2"", ""]""}]",Binary,Infix,None,expr1expr2,"PermutationProduct[expr1, expr2]",True,
Curl,Curl,,590,,1,,601,"{Row[{"""", ""expr""}]}","Row[{""Curl"", ""["", ""expr"", ""]""}]",Unary,Prefix,Right,,,True,Usage and Parse may not be semantically correct.
Divergence,Divergence,,590,,1,,601,"{Row[{"""", ""expr""}]}","Row[{""Divergence"", ""["", ""expr"", ""]""}]",Unary,Prefix,Right,,,True,Usage and Parse may not be semantically correct.
UnaryMinusPlus,MinusPlus,,580,480,,30,600,"{{Row[{""∓"", ""expr""}]}}","Row[{""MinusPlus"", ""["", ""expr"", ""]""}]",Unary,Prefix,Right,∓expr,MinusPlus[expr],False,
UnaryPlusMinus,PlusMinus,,580,480,,30,600,"{{Row[{""±"", ""expr""}]}}","Row[{""PlusMinus"", ""["", ""expr"", ""]""}]",Unary,Prefix,Right,±expr,PlusMinus[expr],False,
Minus,Minus,,580,480,,30,600,"{Row[{""-"",""expr""}],Row[{""−"",""expr""}]}","Row[{""Minus"", ""["", ""expr"", ""]""}]",Unary,Prefix,Right,-expr,"Times[-1, expr]",True,Operator Notations includes usages with invisible unicode characters.
UnaryPlus,Plus,,580,480,,30,600,"{{Row[{""+"", ""expr""}]}}","Row[{""Plus"", ""["", ""expr"", ""]""}]",Unary,Prefix,Right,+expr,Plus[expr],True,Converts to expr on input.
Divides,Divides,,570,470,,31,590,"{{Row[{""expr1"", ""∣"", ""expr2""}]}}","Row[{""Divides"", ""["", ""expr1"", "","", ""expr2"", ""]""}]",Binary,Infix,None,expr1∣expr2,"Divisible[expr2, expr1]",True,
PartialFractionBox,PartialFractionBox,,570,470,,31,590,"{Row[{""expr"", """"}]}","Row[{""FractionBox"", ""["", ""expr"", "",\""\\["", ""Placeholder"", ""]\""]""}]",Unary,Postfix,Left,,,False,This operator is an invisible Unicode character and is used in the layout of displayed expressions.
FractionBox,FractionBox,,570,470,,31,590,"{{Row[{""expr1"", ""\/"", ""expr2""}]}}","Row[{""FractionBox"", ""["", ""expr1"", "","", ""expr2"", ""]""}]",Binary,Infix,Left,expr1\/expr2,,True,
Divide,Divide,,570,470,,31,590,"{{Row[{""expr1"", ""/"", ""expr2""}], Row[{""expr1"", ""÷"", ""expr2""}], Row[{""expr1"", ""∕"", ""expr2""}]}}","Row[{""Divide"", ""["", ""expr1"", "","", ""expr2"", ""]""}]",Binary,Infix,Left,expr1/expr2,"Times[expr1, Power[expr2, -1]]",True,
Backslash,Backslash,,560,460,,32,580,"{{Row[{""expr1"", ""∖"", ""expr2""}]}}","Row[{""Backslash"", ""["", ""expr1"", "","", ""expr2"", ""]""}]",Binary,Infix,None,expr1∖expr2,"Backslash[expr1, expr2]",False,
Diamond,Diamond,,550,450,,33,570,"{{Row[{""expr1"", ""⋄"", ""expr2""}]}}","Row[{""Diamond"", ""["", ""expr1"", "","", ""expr2"", ""]""}]",Binary,Infix,None,expr1⋄expr2,"Diamond[expr1, expr2]",False,
Wedge,Wedge,,540,440,,34,560,"{{Row[{""expr1"", ""⋀"", ""expr2""}]}}","Row[{""Wedge"", ""["", ""expr1"", "","", ""expr2"", ""]""}]",Binary,Infix,None,expr1⋀expr2,"Wedge[expr1, expr2]",False,
Vee,Vee,,530,430,,35,550,"{{Row[{""x"", ""⋁"", ""y""}]}}","Row[{""Vee"", ""["", ""x"", "","", ""y"", ""]""}]",Binary,Infix,None,x⋁y,"Vee[x, y]",False,
CircleTimes,CircleTimes,,520,420,,36,540,"{{Row[{""expr1"", ""⊗"", ""expr2""}]}}","Row[{""CircleTimes"", ""["", ""expr1"", "","", ""expr2"", ""]""}]",Binary,Infix,None,expr1⊗expr2,"CircleTimes[expr1, expr2]",False,
CenterDot,CenterDot,,510,410,,37,530,"{{Row[{""x"", ""·"", ""y""}]}}","Row[{""CenterDot"", ""["", ""x"", "","", ""y"", ""]""}]",Binary,Infix,None,x·y,"CenterDot[x, y]",False,
Times,Times,,500,400,,38,520,"{{Row[{""expr1"", ""*"", ""expr2""}], Row[{""expr1"", ""expr2""}], Row[{""expr1"", ""×"", ""expr2""}], Row[{""expr1"", ""⁢"", ""expr2""}]}}","Row[{""Times"", ""["", ""expr1"", "","", ""expr2"", ""]""}]",Nullary,None,None,expr1*expr2,"Times[expr1, expr2]",True,Operator Notations includes usages with invisible unicode characters.
Star,Star,,490,390,,39,510,"{{Row[{""expr1"", ""⋆"", ""expr2""}]}}","Row[{""Star"", ""["", ""expr1"", "","", ""expr2"", ""]""}]",Binary,Infix,None,expr1⋆expr2,"Star[expr1, expr2]",False,
Product,Product,,480,380,4,,500,"{Row[{""∏"", ""expr""}]}","Row[{""Product"", ""["", ""expr"", ""]""}]",Unary,Prefix,Right,,,True,Usage and Parse may not be semantically correct.
ContinuedFractionK,ContinuedFractionK,,480,380,4,,500,"{Row[{"""", ""expr""}]}","Row[{""ContinuedFractionK"", ""["", ""expr"", ""]""}]",Unary,Prefix,Right,,,True,Usage and Parse may not be semantically correct.
VerticalTilde,VerticalTilde,,470,370,3,41,490,"{{Row[{""expr1"", ""≀"", ""expr2""}]}}","Row[{""VerticalTilde"", ""["", ""expr1"", "","", ""expr2"", ""]""}]",Binary,Infix,None,expr1≀expr2,"VerticalTilde[expr1, expr2]",False,
Coproduct,Coproduct,,460,360,2,42,500,"{{Row[{""expr1"", ""∐"", ""expr2""}]}}","Row[{""Coproduct"", ""["", ""expr1"", "","", ""expr2"", ""]""}]",Binary,Infix,None,expr1∐expr2,"Coproduct[expr1, expr2]",False,
Cap,Cap,,450,350,,42.5,470,"{{Row[{""expr1"", ""⌢"", ""expr2""}]}}","Row[{""Cap"", ""["", ""expr1"", "","", ""expr2"", ""]""}]",Binary,Infix,None,expr1⌢expr2,"Cap[expr1, expr2]",False,
Cup,Cup,,440,340,,43,460,"{{Row[{""expr1"", ""⌣"", ""expr2""}]}}","Row[{""Cup"", ""["", ""expr1"", "","", ""expr2"", ""]""}]",Binary,Infix,None,expr1⌣expr2,"Cup[expr1, expr2]",False,
CircleMinus,CircleMinus,,430,330,,44,450,"{{Row[{""expr1"", ""⊖"", ""expr2""}]}}","Row[{""CircleMinus"", ""["", ""expr1"", "","", ""expr2"", ""]""}]",Binary,Infix,Left,expr1⊖expr2,"CircleMinus[expr1, expr2]",False,
CirclePlus,CirclePlus,,430,330,,44,450,"{{Row[{""expr1"", ""⊕"", ""expr2""}]}}","Row[{""CirclePlus"", ""["", ""expr1"", "","", ""expr2"", ""]""}]",Binary,Infix,None,expr1⊕expr2,"CirclePlus[expr1, expr2]",False,
Sum,Sum,,420,325,1,,440,"{Row[{""∑"", ""expr""}]}","Row[{""Sum"", ""["", ""expr"", ""]""}]",Unary,Prefix,Right,∑expr,Sum[expr],True,Usage and Parse may not be semantically correct.
Integrate,Integrate,,420,325,1,44.5,455,"{{Row[{""∫"", ""expr1"", """", ""expr2""}]}}","Row[{""Integrate"", ""["", ""expr1"", "","", ""expr2"", ""]""}]",Binary,Prefix,Right,∫expr1expr2,"Integrate[expr1, expr2]",True,
ClockwiseContourIntegral,ClockwiseContourIntegral,,420,325,1,,455,"{Row[{""∲"", ""expr1"", """", ""expr2""}]}","Row[{""ClockwiseContourIntegral"", ""["", ""expr1"", "","", ""expr2"", ""]""}]",Unary,Prefix,Right,∲expr1expr2,"Integrate[expr1, expr2]",True,Usage and Parse may not be semantically correct.
ContourIntegral,ContourIntegral,,420,325,1,,455,"{Row[{""∮"", ""expr1"", """", ""expr2""}]}","Row[{""ContourIntegral"", ""["", ""expr1"", "","", ""expr2"", ""]""}]",Unary,Prefix,Right,∮expr1expr2,"Integrate[expr1, expr2]",True,Usage and Parse may not be semantically correct.
CounterClockwiseContourIntegral,CounterClockwiseContourIntegral,,420,325,1,,455,"{Row[{""∳"", ""expr1"", """", ""expr2""}]}","Row[{""CounterClockwiseContourIntegral"", ""["", ""expr1"", "","", ""expr2"", ""]""}]",Unary,Prefix,Right,∳expr1expr2,"Integrate[expr1, expr2]",True,Usage and Parse may not be semantically correct.
DoubleContourIntegral,DoubleContourIntegral,,420,325,1,,455,"{Row[{""∯"", ""expr1"", """", ""expr2""}]}","Row[{""DoubleContourIntegral"", ""["", ""expr1"", "","", ""expr2"", ""]""}]",Unary,Prefix,Right,∯expr1expr2,"Integrate[expr1, expr2]",True,Usage and Parse may not be semantically correct.
ExpectationE,ExpectationE,,420,325,1,,455,"{Row[{"""", ""expr""}]}","Row[{""ExpectationE"", ""["", ""expr"", ""]""}]",Unary,Prefix,Right,expr,,True,Usage and Parse may not be semantically correct.
ProbabilityPr,ProbabilityPr,,420,325,1,,455,"{Row[{"""", ""expr""}]}","Row[{""ProbabilityPr"", ""["", ""expr"", ""]""}]",Unary,Prefix,Right,expr,,True,Usage and Parse may not be semantically correct.
Limit,Limit,,410,320,,,440,"{Row[{"""", ""expr""}]}","Row[{""Limit"", ""["", ""expr"", ""]""}]",Unary,Prefix,Right,expr,,True,Usage and Parse may not be semantically correct.
MaxLimit,MaxLimit,,410,320,,,440,"{Row[{"""", ""expr""}]}","Row[{""MaxLimit"", ""["", ""expr"", ""]""}]",Unary,Prefix,Right,expr,,True,Usage and Parse may not be semantically correct.
MinLimit,MinLimit,,410,320,,,440,"{Row[{"""", ""expr""}]}","Row[{""MinLimit"", ""["", ""expr"", ""]""}]",Unary,Prefix,Right,expr,,True,Usage and Parse may not be semantically correct.
MinusPlus,MinusPlus,,400,310,,46,430,"{{Row[{""expr1"", ""∓"", ""expr2""}]}}","Row[{""MinusPlus"", ""["", ""expr1"", "","", ""expr2"", ""]""}]",Binary,Infix,Left,expr1∓expr2,"MinusPlus[expr1, expr2]",False,
Plus,Plus,,400,310,,46,430,"{{Row[{""expr1"", ""+"", ""expr2""}], Row[{""expr1"", """", ""expr2""}]}}","Row[{""Plus"", ""["", ""expr1"", "","", ""expr2"", ""]""}]",Binary,Infix,None,expr1+expr2,"Plus[expr1, expr2]",True,Operator Notations includes usages with invisible unicode characters.
PlusMinus,PlusMinus,,400,310,,46,430,"{{Row[{""expr1"", ""±"", ""expr2""}]}}","Row[{""PlusMinus"", ""["", ""expr1"", "","", ""expr2"", ""]""}]",Binary,Infix,Left,expr1±expr2,"PlusMinus[expr1, expr2]",False,
Subtract,Subtract,,400,310,,46,430,"{{Row[{""expr1"", ""-"", ""expr2""}], Row[{""expr1"", ""−"", ""expr2""}]}}","Row[{""Subtract"", ""["", ""expr1"", "","", ""expr2"", ""]""}]",Binary,Infix,Left,expr1-expr2,"Plus[expr1, Times[-1, expr2]]",True,Operator Notations includes usages with invisible unicode characters.
Intersection,Intersection,,390,305,,47,420,"{{Row[{""expr1"", ""⋂"", ""expr2""}]}}","Row[{""Intersection"", ""["", ""expr1"", "","", ""expr2"", ""]""}]",Binary,Infix,None,expr1⋂expr2,"Intersection[expr1, expr2]",True,
Span,Span,X,390,305,,47,420,"{{Row[{""i"", "";;"", ""j"", "";;"", ""k""}]}}","Row[{""Span"", ""["", ""i"", "","", ""j"", "","", ""k"", ""]""}]",Ternary,Infix,Non,i;;j;;k,"Span[i, j, k]",True,
SquareIntersection,SquareIntersection,,390,305,,47,420,"{{Row[{""x"", ""⊓"", ""y""}]}}","Row[{""SquareIntersection"", ""["", ""x"", "","", ""y"", ""]""}]",Binary,Infix,None,x⊓y,"SquareIntersection[x, y]",False,
SquareUnion,SquareUnion,,380,300,,48,410,"{{Row[{""x"", ""⊔"", ""y""}]}}","Row[{""SquareUnion"", ""["", ""x"", "","", ""y"", ""]""}]",Binary,Infix,None,x⊔y,"SquareUnion[x, y]",False,
Union,Union,,380,300,,48,410,"{{Row[{""expr1"", ""⋃"", ""expr2""}]}}","Row[{""Union"", ""["", ""expr1"", "","", ""expr2"", ""]""}]",Binary,Infix,None,expr1⋃expr2,"Union[expr1, expr2]",True,
UnionPlus,UnionPlus,,380,300,,48,410,"{{Row[{""x"", ""⊎"", ""y""}]}}","Row[{""UnionPlus"", ""["", ""x"", "","", ""y"", ""]""}]",Binary,Infix,None,x⊎y,"UnionPlus[x, y]",False,
DirectedEdge,DirectedEdge,,370,295,,49.4,395,"{{Row[{""expr1"", """", ""expr2""}]}}","Row[{""DirectedEdge"", ""["", ""expr1"", "","", ""expr2"", ""]""}]",Binary,Infix,None,expr1expr2,"DirectedEdge[expr1, expr2]",True,
UndirectedEdge,UndirectedEdge,,370,295,,49.4,395,"{{Row[{""expr1"", """", ""expr2""}]}}","Row[{""UndirectedEdge"", ""["", ""expr1"", "","", ""expr2"", ""]""}]",Binary,Infix,None,expr1expr2,"UndirectedEdge[expr1, expr2]",True,
Congruent,Congruent,,360,290,,49.5,390,"{{Row[{""x"", ""≡"", ""y""}]}}","Row[{""Congruent"", ""["", ""x"", "","", ""y"", ""]""}]",Binary,Infix,None,x≡y,"Congruent[x, y]",False,
CupCap,CupCap,,360,290,,49.5,390,"{{Row[{""x"", ""≍"", ""y""}]}}","Row[{""CupCap"", ""["", ""x"", "","", ""y"", ""]""}]",Binary,Infix,None,x≍y,"CupCap[x, y]",False,
DotEqual,DotEqual,,360,290,,49.5,390,"{{Row[{""x"", ""≐"", ""y""}]}}","Row[{""DotEqual"", ""["", ""x"", "","", ""y"", ""]""}]",Binary,Infix,None,x≐y,"DotEqual[x, y]",False,
Equal,Equal,,360,290,,49.5,390,"{{Row[{""expr1"", ""=="", ""expr2""}], Row[{""expr1"", """", ""expr2""}], Row[{""expr1"", """", ""expr2""}]}}","Row[{""Equal"", ""["", ""expr1"", "","", ""expr2"", ""]""}]",Binary,Infix,None,expr1==expr2,"Equal[expr1, expr2]",True,
EqualTilde,EqualTilde,,360,290,,49.5,390,"{{Row[{""x"", ""≂"", ""y""}]}}","Row[{""EqualTilde"", ""["", ""x"", "","", ""y"", ""]""}]",Binary,Infix,None,x≂y,"EqualTilde[x, y]",False,
Equilibrium,Equilibrium,,360,290,,49.5,390,"{{Row[{""x"", ""⇌"", ""y""}]}}","Row[{""Equilibrium"", ""["", ""x"", "","", ""y"", ""]""}]",Binary,Infix,None,x⇌y,"Equilibrium[x, y]",False,
Greater,Greater,,360,290,,49.5,390,"{{Row[{""expr1"", "">"", ""expr2""}]}}","Row[{""Greater"", ""["", ""expr1"", "","", ""expr2"", ""]""}]",Binary,Infix,None,expr1>expr2,"Greater[expr1, expr2]",True,
GreaterEqual,GreaterEqual,,360,290,,49.5,390,"{{Row[{""expr1"", "">="", ""expr2""}], Row[{""expr1"", ""≥"", ""expr2""}]}}","Row[{""GreaterEqual"", ""["", ""expr1"", "","", ""expr2"", ""]""}]",Binary,Infix,None,expr1>=expr2,"GreaterEqual[expr1, expr2]",True,
GreaterEqualLess,GreaterEqualLess,,360,290,,49.5,390,"{{Row[{""x"", ""⋛"", ""y""}]}}","Row[{""GreaterEqualLess"", ""["", ""x"", "","", ""y"", ""]""}]",Binary,Infix,None,x⋛y,"GreaterEqualLess[x, y]",False,
GreaterFullEqual,GreaterFullEqual,,360,290,,49.5,390,"{{Row[{""x"", ""≧"", ""y""}]}}","Row[{""GreaterFullEqual"", ""["", ""x"", "","", ""y"", ""]""}]",Binary,Infix,None,x≧y,"GreaterFullEqual[x, y]",False,
GreaterGreater,GreaterGreater,,360,290,,49.5,390,"{{Row[{""x"", ""≫"", ""y""}]}}","Row[{""GreaterGreater"", ""["", ""x"", "","", ""y"", ""]""}]",Binary,Infix,None,x≫y,"GreaterGreater[x, y]",False,
GreaterLess,GreaterLess,,360,290,,49.5,390,"{{Row[{""x"", ""≷"", ""y""}]}}","Row[{""GreaterLess"", ""["", ""x"", "","", ""y"", ""]""}]",Binary,Infix,None,x≷y,"GreaterLess[x, y]",False,
GreaterSlantEqual,GreaterSlantEqual,,360,290,,49.5,390,"{{Row[{""x"", ""⩾"", ""y""}]}}","Row[{""GreaterEqual"", ""["", ""x"", "","", ""y"", ""]""}]",Binary,Infix,None,x⩾y,"GreaterEqual[x, y]",False,
GreaterTilde,GreaterTilde,,360,290,,49.5,390,"{{Row[{""x"", ""≳"", ""y""}]}}","Row[{""GreaterTilde"", ""["", ""x"", "","", ""y"", ""]""}]",Binary,Infix,None,x≳y,"GreaterTilde[x, y]",False,
HumpDownHump,HumpDownHump,,360,290,,49.5,390,"{{Row[{""x"", ""≎"", ""y""}]}}","Row[{""HumpDownHump"", ""["", ""x"", "","", ""y"", ""]""}]",Binary,Infix,None,x≎y,"HumpDownHump[x, y]",False,
HumpEqual,HumpEqual,,360,290,,49.5,390,"{{Row[{""x"", ""≏"", ""y""}]}}","Row[{""HumpEqual"", ""["", ""x"", "","", ""y"", ""]""}]",Binary,Infix,None,x≏y,"HumpEqual[x, y]",False,
LeftTriangle,LeftTriangle,,360,290,,49.5,390,"{{Row[{""x"", ""⊲"", ""y""}]}}","Row[{""LeftTriangle"", ""["", ""x"", "","", ""y"", ""]""}]",Binary,Infix,None,x⊲y,"LeftTriangle[x, y]",False,
LeftTriangleBar,LeftTriangleBar,,360,290,,49.5,390,"{{Row[{""x"", ""⧏"", ""y""}]}}","Row[{""LeftTriangleBar"", ""["", ""x"", "","", ""y"", ""]""}]",Binary,Infix,None,x⧏y,"LeftTriangleBar[x, y]",False,
LeftTriangleEqual,LeftTriangleEqual,,360,290,,49.5,390,"{{Row[{""x"", ""⊴"", ""y""}]}}","Row[{""LeftTriangleEqual"", ""["", ""x"", "","", ""y"", ""]""}]",Binary,Infix,None,x⊴y,"LeftTriangleEqual[x, y]",False,
Less,Less,,360,290,,49.5,390,"{{Row[{""expr1"", ""<"", ""expr2""}]}}","Row[{""Less"", ""["", ""expr1"", "","", ""expr2"", ""]""}]",Binary,Infix,None,expr1<expr2,"Less[expr1, expr2]",True,
LessEqual,LessEqual,,360,290,,49.5,390,"{{Row[{""expr1"", ""<="", ""expr2""}], Row[{""expr1"", ""≤"", ""expr2""}]}}","Row[{""LessEqual"", ""["", ""expr1"", "","", ""expr2"", ""]""}]",Binary,Infix,None,expr1<=expr2,"LessEqual[expr1, expr2]",True,
LessEqualGreater,LessEqualGreater,,360,290,,49.5,390,"{{Row[{""x"", ""⋚"", ""y""}]}}","Row[{""LessEqualGreater"", ""["", ""x"", "","", ""y"", ""]""}]",Binary,Infix,None,x⋚y,"LessEqualGreater[x, y]",False,
LessFullEqual,LessFullEqual,,360,290,,49.5,390,"{{Row[{""x"", ""≦"", ""y""}]}}","Row[{""LessFullEqual"", ""["", ""x"", "","", ""y"", ""]""}]",Binary,Infix,None,x≦y,"LessFullEqual[x, y]",False,
LessGreater,LessGreater,,360,290,,49.5,390,"{{Row[{""x"", ""≶"", ""y""}]}}","Row[{""LessGreater"", ""["", ""x"", "","", ""y"", ""]""}]",Binary,Infix,None,x≶y,"LessGreater[x, y]",False,
LessLess,LessLess,,360,290,,49.5,390,"{{Row[{""x"", ""≪"", ""y""}]}}","Row[{""LessLess"", ""["", ""x"", "","", ""y"", ""]""}]",Binary,Infix,None,x≪y,"LessLess[x, y]",False,
LessSlantEqual,LessSlantEqual,,360,290,,49.5,390,"{{Row[{""x"", ""⩽"", ""y""}]}}","Row[{""LessEqual"", ""["", ""x"", "","", ""y"", ""]""}]",Binary,Infix,None,x⩽y,"LessEqual[x, y]",False,
LessTilde,LessTilde,,360,290,,49.5,390,"{{Row[{""x"", ""≲"", ""y""}]}}","Row[{""LessTilde"", ""["", ""x"", "","", ""y"", ""]""}]",Binary,Infix,None,x≲y,"LessTilde[x, y]",False,
NestedGreaterGreater,NestedGreaterGreater,,360,290,,49.5,390,"{{Row[{""x"", ""⪢"", ""y""}]}}","Row[{""NestedGreaterGreater"", ""["", ""x"", "","", ""y"", ""]""}]",Binary,Infix,None,x⪢y,"NestedGreaterGreater[x, y]",False,
NestedLessLess,NestedLessLess,,360,290,,49.5,390,"{{Row[{""x"", ""⪡"", ""y""}]}}","Row[{""NestedLessLess"", ""["", ""x"", "","", ""y"", ""]""}]",Binary,Infix,None,x⪡y,"NestedLessLess[x, y]",False,
NotCongruent,NotCongruent,,360,290,,49.5,390,"{{Row[{""x"", ""≢"", ""y""}]}}","Row[{""NotCongruent"", ""["", ""x"", "","", ""y"", ""]""}]",Binary,Infix,None,x≢y,"NotCongruent[x, y]",False,
NotCupCap,NotCupCap,,360,290,,49.5,390,"{{Row[{""x"", ""≭"", ""y""}]}}","Row[{""NotCupCap"", ""["", ""x"", "","", ""y"", ""]""}]",Binary,Infix,None,x≭y,"NotCupCap[x, y]",False,
NotEqualTilde,NotEqualTilde,,360,290,,49.5,390,"{{Row[{""x"", """", ""y""}]}}","Row[{""NotEqualTilde"", ""["", ""x"", "","", ""y"", ""]""}]",Binary,Infix,None,xy,"NotEqualTilde[x, y]",False,
NotGreater,NotGreater,,360,290,,49.5,390,"{{Row[{""x"", ""≯"", ""y""}]}}","Row[{""NotGreater"", ""["", ""x"", "","", ""y"", ""]""}]",Binary,Infix,None,x≯y,"NotGreater[x, y]",False,
NotGreaterEqual,NotGreaterEqual,,360,290,,49.5,390,"{{Row[{""x"", ""≱"", ""y""}]}}","Row[{""NotGreaterEqual"", ""["", ""x"", "","", ""y"", ""]""}]",Binary,Infix,None,x≱y,"NotGreaterEqual[x, y]",False,
NotGreaterFullEqual,NotGreaterFullEqual,,360,290,,49.5,390,"{{Row[{""x"", ""≩"", ""y""}]}}","Row[{""NotGreaterFullEqual"", ""["", ""x"", "","", ""y"", ""]""}]",Binary,Infix,None,x≩y,"NotGreaterFullEqual[x, y]",False,
NotGreaterGreater,NotGreaterGreater,,360,290,,49.5,390,"{{Row[{""x"", """", ""y""}]}}","Row[{""NotGreaterGreater"", ""["", ""x"", "","", ""y"", ""]""}]",Binary,Infix,None,xy,"NotGreaterGreater[x, y]",False,
NotGreaterLess,NotGreaterLess,,360,290,,49.5,390,"{{Row[{""x"", ""≹"", ""y""}]}}","Row[{""NotGreaterLess"", ""["", ""x"", "","", ""y"", ""]""}]",Binary,Infix,None,x≹y,"NotGreaterLess[x, y]",False,
NotGreaterSlantEqual,NotGreaterSlantEqual,,360,290,,49.5,390,"{{Row[{""x"", """", ""y""}]}}","Row[{""NotGreaterSlantEqual"", ""["", ""x"", "","", ""y"", ""]""}]",Binary,Infix,None,xy,"NotGreaterSlantEqual[x, y]",False,
NotGreaterTilde,NotGreaterTilde,,360,290,,49.5,390,"{{Row[{""x"", ""≵"", ""y""}]}}","Row[{""NotGreaterTilde"", ""["", ""x"", "","", ""y"", ""]""}]",Binary,Infix,None,x≵y,"NotGreaterTilde[x, y]",False,
NotHumpDownHump,NotHumpDownHump,,360,290,,49.5,390,"{{Row[{""x"", """", ""y""}]}}","Row[{""NotHumpDownHump"", ""["", ""x"", "","", ""y"", ""]""}]",Binary,Infix,None,xy,"NotHumpDownHump[x, y]",False,
NotHumpEqual,NotHumpEqual,,360,290,,49.5,390,"{{Row[{""x"", """", ""y""}]}}","Row[{""NotHumpEqual"", ""["", ""x"", "","", ""y"", ""]""}]",Binary,Infix,None,xy,"NotHumpEqual[x, y]",False,
NotLeftTriangle,NotLeftTriangle,,360,290,,49.5,390,"{{Row[{""x"", ""⋪"", ""y""}]}}","Row[{""NotLeftTriangle"", ""["", ""x"", "","", ""y"", ""]""}]",Binary,Infix,None,x⋪y,"NotLeftTriangle[x, y]",False,
NotLeftTriangleBar,NotLeftTriangleBar,,360,290,,49.5,390,"{{Row[{""x"", """", ""y""}]}}","Row[{""NotLeftTriangleBar"", ""["", ""x"", "","", ""y"", ""]""}]",Binary,Infix,None,xy,"NotLeftTriangleBar[x, y]",False,
NotLeftTriangleEqual,NotLeftTriangleEqual,,360,290,,49.5,390,"{{Row[{""x"", ""⋬"", ""y""}]}}","Row[{""NotLeftTriangleEqual"", ""["", ""x"", "","", ""y"", ""]""}]",Binary,Infix,None,x⋬y,"NotLeftTriangleEqual[x, y]",False,
NotLess,NotLess,,360,290,,49.5,390,"{{Row[{""x"", ""≮"", ""y""}]}}","Row[{""NotLess"", ""["", ""x"", "","", ""y"", ""]""}]",Binary,Infix,None,x≮y,"NotLess[x, y]",False,
NotLessEqual,NotLessEqual,,360,290,,49.5,390,"{{Row[{""x"", ""≰"", ""y""}]}}","Row[{""NotLessEqual"", ""["", ""x"", "","", ""y"", ""]""}]",Binary,Infix,None,x≰y,"NotLessEqual[x, y]",False,
NotLessFullEqual,NotLessFullEqual,,360,290,,49.5,390,"{{Row[{""x"", ""≨"", ""y""}]}}","Row[{""NotLessFullEqual"", ""["", ""x"", "","", ""y"", ""]""}]",Binary,Infix,None,x≨y,"NotLessFullEqual[x, y]",False,
NotLessGreater,NotLessGreater,,360,290,,49.5,390,"{{Row[{""x"", ""≸"", ""y""}]}}","Row[{""NotLessGreater"", ""["", ""x"", "","", ""y"", ""]""}]",Binary,Infix,None,x≸y,"NotLessGreater[x, y]",False,
NotLessLess,NotLessLess,,360,290,,49.5,390,"{{Row[{""x"", """", ""y""}]}}","Row[{""NotLessLess"", ""["", ""x"", "","", ""y"", ""]""}]",Binary,Infix,None,xy,"NotLessLess[x, y]",False,
NotLessSlantEqual,NotLessSlantEqual,,360,290,,49.5,390,"{{Row[{""x"", """", ""y""}]}}","Row[{""NotLessSlantEqual"", ""["", ""x"", "","", ""y"", ""]""}]",Binary,Infix,None,xy,"NotLessSlantEqual[x, y]",False,
NotLessTilde,NotLessTilde,,360,290,,49.5,390,"{{Row[{""x"", ""≴"", ""y""}]}}","Row[{""NotLessTilde"", ""["", ""x"", "","", ""y"", ""]""}]",Binary,Infix,None,x≴y,"NotLessTilde[x, y]",False,
NotNestedGreaterGreater,NotNestedGreaterGreater,,360,290,,49.5,390,"{{Row[{""x"", """", ""y""}]}}","Row[{""NotNestedGreaterGreater"", ""["", ""x"", "","", ""y"", ""]""}]",Binary,Infix,None,xy,"NotNestedGreaterGreater[x, y]",False,
NotNestedLessLess,NotNestedLessLess,,360,290,,49.5,390,"{{Row[{""x"", """", ""y""}]}}","Row[{""NotNestedLessLess"", ""["", ""x"", "","", ""y"", ""]""}]",Binary,Infix,None,xy,"NotNestedLessLess[x, y]",False,
NotPrecedes,NotPrecedes,,360,290,,49.5,390,"{{Row[{""x"", ""⊀"", ""y""}]}}","Row[{""NotPrecedes"", ""["", ""x"", "","", ""y"", ""]""}]",Binary,Infix,None,x⊀y,"NotPrecedes[x, y]",False,
NotPrecedesEqual,NotPrecedesEqual,,360,290,,49.5,390,"{{Row[{""x"", """", ""y""}]}}","Row[{""NotPrecedesEqual"", ""["", ""x"", "","", ""y"", ""]""}]",Binary,Infix,None,xy,"NotPrecedesEqual[x, y]",False,
NotPrecedesSlantEqual,NotPrecedesSlantEqual,,360,290,,49.5,390,"{{Row[{""x"", ""⋠"", ""y""}]}}","Row[{""NotPrecedesSlantEqual"", ""["", ""x"", "","", ""y"", ""]""}]",Binary,Infix,None,x⋠y,"NotPrecedesSlantEqual[x, y]",False,
NotPrecedesTilde,NotPrecedesTilde,,360,290,,49.5,390,"{{Row[{""x"", ""⋨"", ""y""}]}}","Row[{""NotPrecedesTilde"", ""["", ""x"", "","", ""y"", ""]""}]",Binary,Infix,None,x⋨y,"NotPrecedesTilde[x, y]",False,
NotRightTriangle,NotRightTriangle,,360,290,,49.5,390,"{{Row[{""x"", ""⋫"", ""y""}]}}","Row[{""NotRightTriangle"", ""["", ""x"", "","", ""y"", ""]""}]",Binary,Infix,None,x⋫y,"NotRightTriangle[x, y]",False,
NotRightTriangleBar,NotRightTriangleBar,,360,290,,49.5,390,"{{Row[{""x"", """", ""y""}]}}","Row[{""NotRightTriangleBar"", ""["", ""x"", "","", ""y"", ""]""}]",Binary,Infix,None,xy,"NotRightTriangleBar[x, y]",False,
NotRightTriangleEqual,NotRightTriangleEqual,,360,290,,49.5,390,"{{Row[{""x"", ""⋭"", ""y""}]}}","Row[{""NotRightTriangleEqual"", ""["", ""x"", "","", ""y"", ""]""}]",Binary,Infix,None,x⋭y,"NotRightTriangleEqual[x, y]",False,
NotSucceeds,NotSucceeds,,360,290,,49.5,390,"{{Row[{""x"", ""⊁"", ""y""}]}}","Row[{""NotSucceeds"", ""["", ""x"", "","", ""y"", ""]""}]",Binary,Infix,None,x⊁y,"NotSucceeds[x, y]",False,
NotSucceedsEqual,NotSucceedsEqual,,360,290,,49.5,390,"{{Row[{""x"", """", ""y""}]}}","Row[{""NotSucceedsEqual"", ""["", ""x"", "","", ""y"", ""]""}]",Binary,Infix,None,xy,"NotSucceedsEqual[x, y]",False,
NotSucceedsSlantEqual,NotSucceedsSlantEqual,,360,290,,49.5,390,"{{Row[{""x"", ""⋡"", ""y""}]}}","Row[{""NotSucceedsSlantEqual"", ""["", ""x"", "","", ""y"", ""]""}]",Binary,Infix,None,x⋡y,"NotSucceedsSlantEqual[x, y]",False,
NotSucceedsTilde,NotSucceedsTilde,,360,290,,49.5,390,"{{Row[{""x"", ""⋩"", ""y""}]}}","Row[{""NotSucceedsTilde"", ""["", ""x"", "","", ""y"", ""]""}]",Binary,Infix,None,x⋩y,"NotSucceedsTilde[x, y]",False,
NotTilde,NotTilde,,360,290,,49.5,390,"{{Row[{""x"", ""≁"", ""y""}]}}","Row[{""NotTilde"", ""["", ""x"", "","", ""y"", ""]""}]",Binary,Infix,None,x≁y,"NotTilde[x, y]",False,
NotTildeEqual,NotTildeEqual,,360,290,,49.5,390,"{{Row[{""x"", ""≄"", ""y""}]}}","Row[{""NotTildeEqual"", ""["", ""x"", "","", ""y"", ""]""}]",Binary,Infix,None,x≄y,"NotTildeEqual[x, y]",False,
NotTildeFullEqual,NotTildeFullEqual,,360,290,,49.5,390,"{{Row[{""x"", ""≇"", ""y""}]}}","Row[{""NotTildeFullEqual"", ""["", ""x"", "","", ""y"", ""]""}]",Binary,Infix,None,x≇y,"NotTildeFullEqual[x, y]",False,
NotTildeTilde,NotTildeTilde,,360,290,,49.5,390,"{{Row[{""x"", ""≉"", ""y""}]}}","Row[{""NotTildeTilde"", ""["", ""x"", "","", ""y"", ""]""}]",Binary,Infix,None,x≉y,"NotTildeTilde[x, y]",False,
Precedes,Precedes,,360,290,,49.5,390,"{{Row[{""x"", ""≺"", ""y""}]}}","Row[{""Precedes"", ""["", ""x"", "","", ""y"", ""]""}]",Binary,Infix,None,x≺y,"Precedes[x, y]",False,
PrecedesEqual,PrecedesEqual,,360,290,,49.5,390,"{{Row[{""x"", ""⪯"", ""y""}]}}","Row[{""PrecedesEqual"", ""["", ""x"", "","", ""y"", ""]""}]",Binary,Infix,None,x⪯y,"PrecedesEqual[x, y]",False,
PrecedesSlantEqual,PrecedesSlantEqual,,360,290,,49.5,390,"{{Row[{""x"", ""≼"", ""y""}]}}","Row[{""PrecedesSlantEqual"", ""["", ""x"", "","", ""y"", ""]""}]",Binary,Infix,None,x≼y,"PrecedesSlantEqual[x, y]",False,
PrecedesTilde,PrecedesTilde,,360,290,,49.5,390,"{{Row[{""x"", ""≾"", ""y""}]}}","Row[{""PrecedesTilde"", ""["", ""x"", "","", ""y"", ""]""}]",Binary,Infix,None,x≾y,"PrecedesTilde[x, y]",False,
Proportion,Proportion,,360,290,,49.5,390,"{{Row[{""x"", ""∷"", ""y""}]}}","Row[{""Proportion"", ""["", ""x"", "","", ""y"", ""]""}]",Binary,Infix,None,x∷y,"Proportion[x, y]",False,
Proportional,Proportional,,360,290,,49.5,390,"{{Row[{""x"", ""∝"", ""y""}]}}","Row[{""Proportional"", ""["", ""x"", "","", ""y"", ""]""}]",Binary,Infix,None,x∝y,"Proportional[x, y]",False,
ReverseEquilibrium,ReverseEquilibrium,,360,290,,49.5,390,"{{Row[{""x"", ""⇋"", ""y""}]}}","Row[{""ReverseEquilibrium"", ""["", ""x"", "","", ""y"", ""]""}]",Binary,Infix,None,x⇋y,"ReverseEquilibrium[x, y]",False,
RightTriangle,RightTriangle,,360,290,,49.5,390,"{{Row[{""x"", ""⊳"", ""y""}]}}","Row[{""RightTriangle"", ""["", ""x"", "","", ""y"", ""]""}]",Binary,Infix,None,x⊳y,"RightTriangle[x, y]",False,
RightTriangleBar,RightTriangleBar,,360,290,,49.5,390,"{{Row[{""x"", ""⧐"", ""y""}]}}","Row[{""RightTriangleBar"", ""["", ""x"", "","", ""y"", ""]""}]",Binary,Infix,None,x⧐y,"RightTriangleBar[x, y]",False,
RightTriangleEqual,RightTriangleEqual,,360,290,,49.5,390,"{{Row[{""x"", ""⊵"", ""y""}]}}","Row[{""RightTriangleEqual"", ""["", ""x"", "","", ""y"", ""]""}]",Binary,Infix,None,x⊵y,"RightTriangleEqual[x, y]",False,
Succeeds,Succeeds,,360,290,,49.5,390,"{{Row[{""x"", ""≻"", ""y""}]}}","Row[{""Succeeds"", ""["", ""x"", "","", ""y"", ""]""}]",Binary,Infix,None,x≻y,"Succeeds[x, y]",False,
SucceedsEqual,SucceedsEqual,,360,290,,49.5,390,"{{Row[{""x"", ""⪰"", ""y""}]}}","Row[{""SucceedsEqual"", ""["", ""x"", "","", ""y"", ""]""}]",Binary,Infix,None,x⪰y,"SucceedsEqual[x, y]",False,
SucceedsSlantEqual,SucceedsSlantEqual,,360,290,,49.5,390,"{{Row[{""x"", ""≽"", ""y""}]}}","Row[{""SucceedsSlantEqual"", ""["", ""x"", "","", ""y"", ""]""}]",Binary,Infix,None,x≽y,"SucceedsSlantEqual[x, y]",False,
SucceedsTilde,SucceedsTilde,,360,290,,49.5,390,"{{Row[{""x"", ""≿"", ""y""}]}}","Row[{""SucceedsTilde"", ""["", ""x"", "","", ""y"", ""]""}]",Binary,Infix,None,x≿y,"SucceedsTilde[x, y]",False,
Tilde,Tilde,,360,290,,49.5,390,"{{Row[{""x"", ""∼"", ""y""}]}}","Row[{""Tilde"", ""["", ""x"", "","", ""y"", ""]""}]",Binary,Infix,None,x∼y,"Tilde[x, y]",False,
TildeEqual,TildeEqual,,360,290,,49.5,390,"{{Row[{""x"", ""≃"", ""y""}]}}","Row[{""TildeEqual"", ""["", ""x"", "","", ""y"", ""]""}]",Binary,Infix,None,x≃y,"TildeEqual[x, y]",False,
TildeFullEqual,TildeFullEqual,,360,290,,49.5,390,"{{Row[{""x"", ""≅"", ""y""}]}}","Row[{""TildeFullEqual"", ""["", ""x"", "","", ""y"", ""]""}]",Binary,Infix,None,x≅y,"TildeFullEqual[x, y]",False,
TildeTilde,TildeTilde,,360,290,,49.5,390,"{{Row[{""x"", ""≈"", ""y""}]}}","Row[{""TildeTilde"", ""["", ""x"", "","", ""y"", ""]""}]",Binary,Infix,None,x≈y,"TildeTilde[x, y]",False,
Unequal,Unequal,,360,290,,49.5,390,"{{Row[{""expr1"", ""!="", ""expr2""}], Row[{""expr1"", ""≠"", ""expr2""}]}}","Row[{""Unequal"", ""["", ""expr1"", "","", ""expr2"", ""]""}]",Binary,Infix,None,expr1!=expr2,"Unequal[expr1, expr2]",True,
DoubleVerticalBar,DoubleVerticalBar,,350,280,,50,390,"{{Row[{""expr1"", ""∥"", ""expr2""}]}}","Row[{""DoubleVerticalBar"", ""["", ""expr1"", "","", ""expr2"", ""]""}]",Binary,Infix,None,expr1∥expr2,"DoubleVerticalBar[expr1, expr2]",False,
NotDoubleVerticalBar,NotDoubleVerticalBar,,350,280,,50,390,"{{Row[{""expr1"", ""∦"", ""expr2""}]}}","Row[{""NotDoubleVerticalBar"", ""["", ""expr1"", "","", ""expr2"", ""]""}]",Binary,Infix,None,expr1∦expr2,"NotDoubleVerticalBar[expr1, expr2]",False,
NotVerticalBar,NotVerticalBar,,350,280,,50,390,"{{Row[{""expr1"", """", ""expr2""}]}}","Row[{""NotVerticalBar"", ""["", ""expr1"", "","", ""expr2"", ""]""}]",Binary,Infix,None,expr1expr2,"NotVerticalBar[expr1, expr2]",False,
VerticalBar,VerticalBar,,350,280,,50,390,"{{Row[{""expr1"", """", ""expr2""}]}}","Row[{""VerticalBar"", ""["", ""expr1"", "","", ""expr2"", ""]""}]",Binary,Infix,None,expr1expr2,"VerticalBar[expr1, expr2]",False,
DoubleLeftArrow,DoubleLeftArrow,,340,270,,50.5,380,"{{Row[{""x"", ""⇐"", ""y""}]}}","Row[{""DoubleLeftArrow"", ""["", ""x"", "","", ""y"", ""]""}]",Binary,Infix,None,x⇐y,"DoubleLeftArrow[x, y]",False,
DoubleLeftRightArrow,DoubleLeftRightArrow,,340,270,,50.5,380,"{{Row[{""x"", ""⇔"", ""y""}]}}","Row[{""DoubleLeftRightArrow"", ""["", ""x"", "","", ""y"", ""]""}]",Binary,Infix,None,x⇔y,"DoubleLeftRightArrow[x, y]",False,
DoubleRightArrow,DoubleRightArrow,,340,270,,50.5,380,"{{Row[{""x"", ""⇒"", ""y""}]}}","Row[{""DoubleRightArrow"", ""["", ""x"", "","", ""y"", ""]""}]",Binary,Infix,None,x⇒y,"DoubleRightArrow[x, y]",False,
DownLeftRightVector,DownLeftRightVector,,340,270,,50.5,380,"{{Row[{""x"", ""⥐"", ""y""}]}}","Row[{""DownLeftRightVector"", ""["", ""x"", "","", ""y"", ""]""}]",Binary,Infix,None,x⥐y,"DownLeftRightVector[x, y]",False,
DownLeftTeeVector,DownLeftTeeVector,,340,270,,50.5,380,"{{Row[{""x"", ""⥞"", ""y""}]}}","Row[{""DownLeftTeeVector"", ""["", ""x"", "","", ""y"", ""]""}]",Binary,Infix,None,x⥞y,"DownLeftTeeVector[x, y]",False,
DownLeftVector,DownLeftVector,,340,270,,50.5,380,"{{Row[{""x"", ""↽"", ""y""}]}}","Row[{""DownLeftVector"", ""["", ""x"", "","", ""y"", ""]""}]",Binary,Infix,None,x↽y,"DownLeftVector[x, y]",False,
DownLeftVectorBar,DownLeftVectorBar,,340,270,,50.5,380,"{{Row[{""x"", ""⥖"", ""y""}]}}","Row[{""DownLeftVectorBar"", ""["", ""x"", "","", ""y"", ""]""}]",Binary,Infix,None,x⥖y,"DownLeftVectorBar[x, y]",False,
DownRightTeeVector,DownRightTeeVector,,340,270,,50.5,380,"{{Row[{""x"", ""⥟"", ""y""}]}}","Row[{""DownRightTeeVector"", ""["", ""x"", "","", ""y"", ""]""}]",Binary,Infix,None,x⥟y,"DownRightTeeVector[x, y]",False,
DownRightVector,DownRightVector,,340,270,,50.5,380,"{{Row[{""x"", ""⇁"", ""y""}]}}","Row[{""DownRightVector"", ""["", ""x"", "","", ""y"", ""]""}]",Binary,Infix,None,x⇁y,"DownRightVector[x, y]",False,
DownRightVectorBar,DownRightVectorBar,,340,270,,50.5,380,"{{Row[{""x"", ""⥗"", ""y""}]}}","Row[{""DownRightVectorBar"", ""["", ""x"", "","", ""y"", ""]""}]",Binary,Infix,None,x⥗y,"DownRightVectorBar[x, y]",False,
LeftArrow,LeftArrow,,340,270,,50.5,380,"{{Row[{""x"", ""←"", ""y""}]}}","Row[{""LeftArrow"", ""["", ""x"", "","", ""y"", ""]""}]",Binary,Infix,None,x←y,"LeftArrow[x, y]",False,
LeftArrowBar,LeftArrowBar,,340,270,,50.5,380,"{{Row[{""x"", ""⇤"", ""y""}]}}","Row[{""LeftArrowBar"", ""["", ""x"", "","", ""y"", ""]""}]",Binary,Infix,None,x⇤y,"LeftArrowBar[x, y]",False,
LeftArrowRightArrow,LeftArrowRightArrow,,340,270,,50.5,380,"{{Row[{""x"", ""⇆"", ""y""}]}}","Row[{""LeftArrowRightArrow"", ""["", ""x"", "","", ""y"", ""]""}]",Binary,Infix,None,x⇆y,"LeftArrowRightArrow[x, y]",False,
LeftRightArrow,LeftRightArrow,,340,270,,50.5,380,"{{Row[{""x"", ""↔"", ""y""}]}}","Row[{""LeftRightArrow"", ""["", ""x"", "","", ""y"", ""]""}]",Binary,Infix,None,x↔y,"LeftRightArrow[x, y]",False,
LeftRightVector,LeftRightVector,,340,270,,50.5,380,"{{Row[{""x"", ""⥎"", ""y""}]}}","Row[{""LeftRightVector"", ""["", ""x"", "","", ""y"", ""]""}]",Binary,Infix,None,x⥎y,"LeftRightVector[x, y]",False,
LeftTeeArrow,LeftTeeArrow,,340,270,,50.5,380,"{{Row[{""x"", ""↤"", ""y""}]}}","Row[{""LeftTeeArrow"", ""["", ""x"", "","", ""y"", ""]""}]",Binary,Infix,None,x↤y,"LeftTeeArrow[x, y]",False,
LeftTeeVector,LeftTeeVector,,340,270,,50.5,380,"{{Row[{""x"", ""⥚"", ""y""}]}}","Row[{""LeftTeeVector"", ""["", ""x"", "","", ""y"", ""]""}]",Binary,Infix,None,x⥚y,"LeftTeeVector[x, y]",False,
LeftVector,LeftVector,,340,270,,50.5,380,"{{Row[{""x"", ""↼"", ""y""}]}}","Row[{""LeftVector"", ""["", ""x"", "","", ""y"", ""]""}]",Binary,Infix,None,x↼y,"LeftVector[x, y]",False,
LeftVectorBar,LeftVectorBar,,340,270,,50.5,380,"{{Row[{""x"", ""⥒"", ""y""}]}}","Row[{""LeftVectorBar"", ""["", ""x"", "","", ""y"", ""]""}]",Binary,Infix,None,x⥒y,"LeftVectorBar[x, y]",False,
LowerLeftArrow,LowerLeftArrow,,340,270,,50.5,380,"{{Row[{""x"", ""↙"", ""y""}]}}","Row[{""LowerLeftArrow"", ""["", ""x"", "","", ""y"", ""]""}]",Binary,Infix,None,x↙y,"LowerLeftArrow[x, y]",False,
LowerRightArrow,LowerRightArrow,,340,270,,50.5,380,"{{Row[{""x"", ""↘"", ""y""}]}}","Row[{""LowerRightArrow"", ""["", ""x"", "","", ""y"", ""]""}]",Binary,Infix,None,x↘y,"LowerRightArrow[x, y]",False,
RightArrow,RightArrow,,340,270,,50.5,380,"{{Row[{""x"", ""→"", ""y""}]}}","Row[{""RightArrow"", ""["", ""x"", "","", ""y"", ""]""}]",Binary,Infix,None,x→y,"RightArrow[x, y]",False,
RightArrowBar,RightArrowBar,,340,270,,50.5,380,"{{Row[{""x"", ""⇥"", ""y""}]}}","Row[{""RightArrowBar"", ""["", ""x"", "","", ""y"", ""]""}]",Binary,Infix,None,x⇥y,"RightArrowBar[x, y]",False,
RightArrowLeftArrow,RightArrowLeftArrow,,340,270,,50.5,380,"{{Row[{""x"", ""⇄"", ""y""}]}}","Row[{""RightArrowLeftArrow"", ""["", ""x"", "","", ""y"", ""]""}]",Binary,Infix,None,x⇄y,"RightArrowLeftArrow[x, y]",False,
RightTeeArrow,RightTeeArrow,,340,270,,50.5,380,"{{Row[{""x"", ""↦"", ""y""}]}}","Row[{""RightTeeArrow"", ""["", ""x"", "","", ""y"", ""]""}]",Binary,Infix,None,x↦y,"RightTeeArrow[x, y]",False,
RightTeeVector,RightTeeVector,,340,270,,50.5,380,"{{Row[{""x"", ""⥛"", ""y""}]}}","Row[{""RightTeeVector"", ""["", ""x"", "","", ""y"", ""]""}]",Binary,Infix,None,x⥛y,"RightTeeVector[x, y]",False,
RightVector,RightVector,,340,270,,50.5,380,"{{Row[{""x"", ""⇀"", ""y""}]}}","Row[{""RightVector"", ""["", ""x"", "","", ""y"", ""]""}]",Binary,Infix,None,x⇀y,"RightVector[x, y]",False,
RightVectorBar,RightVectorBar,,340,270,,50.5,380,"{{Row[{""x"", ""⥓"", ""y""}]}}","Row[{""RightVectorBar"", ""["", ""x"", "","", ""y"", ""]""}]",Binary,Infix,None,x⥓y,"RightVectorBar[x, y]",False,
ShortLeftArrow,ShortLeftArrow,,340,270,,50.5,380,"{{Row[{""x"", """", ""y""}]}}","Row[{""ShortLeftArrow"", ""["", ""x"", "","", ""y"", ""]""}]",Binary,Infix,None,xy,"ShortLeftArrow[x, y]",False,
ShortRightArrow,ShortRightArrow,,340,270,,50.5,380,"{{Row[{""x"", """", ""y""}]}}","Row[{""ShortRightArrow"", ""["", ""x"", "","", ""y"", ""]""}]",Binary,Infix,None,xy,"ShortRightArrow[x, y]",False,
UpperLeftArrow,UpperLeftArrow,,340,270,,50.5,380,"{{Row[{""x"", ""↖"", ""y""}]}}","Row[{""UpperLeftArrow"", ""["", ""x"", "","", ""y"", ""]""}]",Binary,Infix,None,x↖y,"UpperLeftArrow[x, y]",False,
UpperRightArrow,UpperRightArrow,,340,270,,50.5,380,"{{Row[{""x"", ""↗"", ""y""}]}}","Row[{""UpperRightArrow"", ""["", ""x"", "","", ""y"", ""]""}]",Binary,Infix,None,x↗y,"UpperRightArrow[x, y]",False,
SameQ,SameQ,,330,260,,51,370,"{{Row[{""expr1"", ""==="", ""expr2""}]}}","Row[{""SameQ"", ""["", ""expr1"", "","", ""expr2"", ""]""}]",Binary,Infix,None,expr1===expr2,"SameQ[expr1, expr2]",True,
UnsameQ,UnsameQ,,330,260,,51,370,"{{Row[{""expr1"", ""=!="", ""expr2""}]}}","Row[{""UnsameQ"", ""["", ""expr1"", "","", ""expr2"", ""]""}]",Binary,Infix,None,expr1=!=expr2,"UnsameQ[expr1, expr2]",True,
Distributed,Distributed,,320,250,,52,360,"{{Row[{""expr1"", """", ""expr2""}]}}","Row[{""Distributed"", ""["", ""expr1"", "","", ""expr2"", ""]""}]",Binary,Infix,None,expr1expr2,"Distributed[expr1, expr2]",True,
Element,Element,,320,250,,52,360,"{{Row[{""expr1"", ""∈"", ""expr2""}]}}","Row[{""Element"", ""["", ""expr1"", "","", ""expr2"", ""]""}]",Binary,Infix,None,expr1∈expr2,"Element[expr1, expr2]",True,
NotElement,NotElement,,320,250,,52,360,"{{Row[{""expr1"", ""∉"", ""expr2""}]}}","Row[{""NotElement"", ""["", ""expr1"", "","", ""expr2"", ""]""}]",Binary,Infix,None,expr1∉expr2,"NotElement[expr1, expr2]",True,
NotReverseElement,NotReverseElement,,320,250,,52,360,"{{Row[{""x"", ""∌"", ""y""}]}}","Row[{""NotReverseElement"", ""["", ""x"", "","", ""y"", ""]""}]",Binary,Infix,None,x∌y,"NotReverseElement[x, y]",False,
NotSquareSubset,NotSquareSubset,,320,250,,52,360,"{{Row[{""x"", """", ""y""}]}}","Row[{""NotSquareSubset"", ""["", ""x"", "","", ""y"", ""]""}]",Binary,Infix,None,xy,"NotSquareSubset[x, y]",False,
NotSquareSubsetEqual,NotSquareSubsetEqual,,320,250,,52,360,"{{Row[{""x"", ""⋢"", ""y""}]}}","Row[{""NotSquareSubsetEqual"", ""["", ""x"", "","", ""y"", ""]""}]",Binary,Infix,None,x⋢y,"NotSquareSubsetEqual[x, y]",False,
NotSquareSuperset,NotSquareSuperset,,320,250,,52,360,"{{Row[{""x"", """", ""y""}]}}","Row[{""NotSquareSuperset"", ""["", ""x"", "","", ""y"", ""]""}]",Binary,Infix,None,xy,"NotSquareSuperset[x, y]",False,
NotSquareSupersetEqual,NotSquareSupersetEqual,,320,250,,52,360,"{{Row[{""x"", ""⋣"", ""y""}]}}","Row[{""NotSquareSupersetEqual"", ""["", ""x"", "","", ""y"", ""]""}]",Binary,Infix,None,x⋣y,"NotSquareSupersetEqual[x, y]",False,
NotSubset,NotSubset,,320,250,,52,360,"{{Row[{""x"", ""⊄"", ""y""}]}}","Row[{""NotSubset"", ""["", ""x"", "","", ""y"", ""]""}]",Binary,Infix,None,x⊄y,"NotSubset[x, y]",False,
NotSubsetEqual,NotSubsetEqual,,320,250,,52,360,"{{Row[{""x"", ""⊈"", ""y""}]}}","Row[{""NotSubsetEqual"", ""["", ""x"", "","", ""y"", ""]""}]",Binary,Infix,None,x⊈y,"NotSubsetEqual[x, y]",False,
NotSuperset,NotSuperset,,320,250,,52,360,"{{Row[{""x"", ""⊅"", ""y""}]}}","Row[{""NotSuperset"", ""["", ""x"", "","", ""y"", ""]""}]",Binary,Infix,None,x⊅y,"NotSuperset[x, y]",False,
NotSupersetEqual,NotSupersetEqual,,320,250,,52,360,"{{Row[{""x"", ""⊉"", ""y""}]}}","Row[{""NotSupersetEqual"", ""["", ""x"", "","", ""y"", ""]""}]",Binary,Infix,None,x⊉y,"NotSupersetEqual[x, y]",False,
ReverseElement,ReverseElement,,320,250,,52,360,"{{Row[{""x"", ""∋"", ""y""}]}}","Row[{""ReverseElement"", ""["", ""x"", "","", ""y"", ""]""}]",Binary,Infix,None,x∋y,"ReverseElement[x, y]",False,
SquareSubset,SquareSubset,,320,250,,52,360,"{{Row[{""x"", ""⊏"", ""y""}]}}","Row[{""SquareSubset"", ""["", ""x"", "","", ""y"", ""]""}]",Binary,Infix,None,x⊏y,"SquareSubset[x, y]",False,
SquareSubsetEqual,SquareSubsetEqual,,320,250,,52,360,"{{Row[{""x"", ""⊑"", ""y""}]}}","Row[{""SquareSubsetEqual"", ""["", ""x"", "","", ""y"", ""]""}]",Binary,Infix,None,x⊑y,"SquareSubsetEqual[x, y]",False,
SquareSuperset,SquareSuperset,,320,250,,52,360,"{{Row[{""x"", ""⊐"", ""y""}]}}","Row[{""SquareSuperset"", ""["", ""x"", "","", ""y"", ""]""}]",Binary,Infix,None,x⊐y,"SquareSuperset[x, y]",False,
SquareSupersetEqual,SquareSupersetEqual,,320,250,,52,360,"{{Row[{""x"", ""⊒"", ""y""}]}}","Row[{""SquareSupersetEqual"", ""["", ""x"", "","", ""y"", ""]""}]",Binary,Infix,None,x⊒y,"SquareSupersetEqual[x, y]",False,
Subset,Subset,,320,250,,52,360,"{{Row[{""expr1"", ""⊂"", ""expr2""}]}}","Row[{""Subset"", ""["", ""expr1"", "","", ""expr2"", ""]""}]",Binary,Infix,None,expr1⊂expr2,"Subset[expr1, expr2]",False,
SubsetEqual,SubsetEqual,,320,250,,52,360,"{{Row[{""x"", ""⊆"", ""y""}]}}","Row[{""SubsetEqual"", ""["", ""x"", "","", ""y"", ""]""}]",Binary,Infix,None,x⊆y,"SubsetEqual[x, y]",False,
Superset,Superset,,320,250,,52,360,"{{Row[{""expr1"", ""⊃"", ""expr2""}]}}","Row[{""Superset"", ""["", ""expr1"", "","", ""expr2"", ""]""}]",Binary,Infix,None,expr1⊃expr2,"Superset[expr1, expr2]",False,
SupersetEqual,SupersetEqual,,320,250,,52,360,"{{Row[{""x"", ""⊇"", ""y""}]}}","Row[{""SupersetEqual"", ""["", ""x"", "","", ""y"", ""]""}]",Binary,Infix,None,x⊇y,"SupersetEqual[x, y]",False,
Exists,Exists,,310,240,,53,350,"{Row[{""∃"", ""expr""}]}","Row[{""Exists"", ""["", ""expr"", ""]""}]",Unary,Prefix,Right,∃expr,,True,Usage and Parse may not be semantically correct.
ForAll,ForAll,,310,240,,53,350,"{Row[{""∀"", ""expr""}]}","Row[{""ForAll"", ""["", ""expr"", ""]""}]",Unary,Prefix,Right,∀expr,,True,Usage and Parse may not be semantically correct.
NotExists,NotExists,,310,240,,53,350,"{Row[{""∄"", ""expr""}]}","Row[{""NotExists"", ""["", ""expr"", ""]""}]",Unary,Prefix,Right,∄expr,,True,Usage and Parse may not be semantically correct.
Not,Not,,300,230,,54,340,"{{Row[{""!"", ""expr""}], Row[{""¬"", ""expr""}]}}","Row[{""Not"", ""["", ""expr"", ""]""}]",Unary,Prefix,Right,!expr,Not[expr],True,
And,And,,290,220,,55,330,"{{Row[{""expr1"", ""&&"", ""expr2""}], Row[{""expr1"", ""∧"", ""expr2""}]}}","Row[{""And"", ""["", ""expr1"", "","", ""expr2"", ""]""}]",Binary,Infix,None,expr1&&expr2,"And[expr1, expr2]",True,
Nand,Nand,,290,220,,55,330,"{{Row[{""expr1"", ""⊼"", ""expr2""}]}}","Row[{""Nand"", ""["", ""expr1"", "","", ""expr2"", ""]""}]",Binary,Infix,None,expr1⊼expr2,"Nand[expr1, expr2]",True,
Xnor,Xnor,,280,215,,56,325,"{{Row[{""expr1"", """", ""expr2""}]}}","Row[{""Xnor"", ""["", ""expr1"", "","", ""expr2"", ""]""}]",Binary,Infix,None,expr1expr2,"Xnor[expr1, expr2]",True,
Xor,Xor,,280,215,,56,325,"{{Row[{""expr1"", ""⊻"", ""expr2""}]}}","Row[{""Xor"", ""["", ""expr1"", "","", ""expr2"", ""]""}]",Binary,Infix,None,expr1⊻expr2,"Xor[expr1, expr2]",True,
Nor,Nor,,270,210,,57,320,"{{Row[{""expr1"", ""⊽"", ""expr2""}]}}","Row[{""Nor"", ""["", ""expr1"", "","", ""expr2"", ""]""}]",Binary,Infix,None,expr1⊽expr2,"Nor[expr1, expr2]",True,
Or,Or,,270,210,,57,320,"{{Row[{""expr1"", ""||"", ""expr2""}], Row[{""expr1"", ""∨"", ""expr2""}]}}","Row[{""Or"", ""["", ""expr1"", "","", ""expr2"", ""]""}]",Binary,Infix,None,expr1||expr2,"Or[expr1, expr2]",True,
Equivalent,Equivalent,,260,205,,58,315,"{{Row[{""expr1"", ""⧦"", ""expr2""}]}}","Row[{""Equivalent"", ""["", ""expr1"", "","", ""expr2"", ""]""}]",Binary,Infix,None,expr1⧦expr2,"Equivalent[expr1, expr2]",True,
RoundImplies,RoundImplies,,250,200,,59,310,"{{Row[{""expr1"", ""⥰"", ""expr2""}]}}","Row[{""RoundImplies"", ""["", ""expr1"", "","", ""expr2"", ""]""}]",Binary,Infix,Right,expr1⥰expr2,"RoundImplies[expr1, expr2]",False,
Implies,Implies,,250,200,,59,310,"{{Row[{""expr1"", """", ""expr2""}]}}","Row[{""Implies"", ""["", ""expr1"", "","", ""expr2"", ""]""}]",Binary,Infix,Right,expr1expr2,"Implies[expr1, expr2]",True,
Conditioned,Conditioned,,240,195,,59.5,305,"{{Row[{""expr1"", """", ""expr2""}]}}","Row[{""Conditioned"", ""["", ""expr1"", "","", ""expr2"", ""]""}]",Binary,Infix,None,expr1expr2,"Conditioned[expr1, expr2]",True,
DoubleRightTee,DoubleRightTee,,230,190,3,60,300,"{{Row[{""expr1"", ""⊨"", ""expr2""}]}}","Row[{""DoubleRightTee"", ""["", ""expr1"", "","", ""expr2"", ""]""}]",Binary,Infix,Right,expr1⊨expr2,"DoubleRightTee[expr1, expr2]",False,
RightTee,RightTee,,230,190,3,60,300,"{{Row[{""expr1"", ""⊢"", ""expr2""}]}}","Row[{""RightTee"", ""["", ""expr1"", "","", ""expr2"", ""]""}]",Binary,Infix,Right,expr1⊢expr2,"RightTee[expr1, expr2]",False,
DoubleLeftTee,DoubleLeftTee,,220,190,2,60,300,"{{Row[{""expr1"", ""⫤"", ""expr2""}]}}","Row[{""DoubleLeftTee"", ""["", ""expr1"", "","", ""expr2"", ""]""}]",Binary,Infix,Left,expr1⫤expr2,"DoubleLeftTee[expr1, expr2]",False,
DownTee,DownTee,,220,190,2,60,300,"{{Row[{""expr1"", ""⊤"", ""expr2""}]}}","Row[{""DownTee"", ""["", ""expr1"", "","", ""expr2"", ""]""}]",Binary,Infix,Left,expr1⊤expr2,"DownTee[expr1, expr2]",False,
LeftTee,LeftTee,,220,190,2,60,300,"{{Row[{""expr1"", ""⊣"", ""expr2""}]}}","Row[{""LeftTee"", ""["", ""expr1"", "","", ""expr2"", ""]""}]",Binary,Infix,Left,expr1⊣expr2,"LeftTee[expr1, expr2]",False,
UpTee,UpTee,,220,190,2,60,390,"{{Row[{""expr1"", ""⊥"", ""expr2""}]}}","Row[{""UpTee"", ""["", ""expr1"", "","", ""expr2"", ""]""}]",Binary,Infix,Left,expr1⊥expr2,"UpTee[expr1, expr2]",False,
Perpendicular,Perpendicular,,220,190,2,,390,"{{Row[{""expr1"", ""⟂"", ""expr2""}]}}","Row[{""Perpendicular"", ""["", ""expr1"", "","", ""expr2"", ""]""}]",Binary,Infix,None,expr1⟂expr2,"Perpendicular[expr1, expr2]",False,
SuchThat,SuchThat,,210,180,1,61,290,"{{Row[{""expr1"", ""∍"", ""expr2""}]}}","Row[{""SuchThat"", ""["", ""expr1"", "","", ""expr2"", ""]""}]",Binary,Infix,Right,expr1∍expr2,"SuchThat[expr1, expr2]",False,
Repeated,Repeated,,200,170,,62,,"{{Row[{""expr"", ""..""}]}}","Row[{""Repeated"", ""["", ""expr"", ""]""}]",Unary,Postfix,Left,expr..,Repeated[expr],True,
RepeatedNull,RepeatedNull,,200,170,,62,,"{{Row[{""expr"", ""...""}]}}","Row[{""RepeatedNull"", ""["", ""expr"", ""]""}]",Unary,Postfix,Left,expr...,RepeatedNull[expr],True,
Alternatives,Alternatives,,190,160,7,63,,"{{Row[{""expr1"", ""|"", ""expr2""}]}}","Row[{""Alternatives"", ""["", ""expr1"", "","", ""expr2"", ""]""}]",Binary,Infix,None,expr1|expr2,"Alternatives[expr1, expr2]",True,
Pattern,Pattern,X,190,150,7,64,,"{{Row[{""symb"", "":"", ""expr""}]}}","Row[{""Pattern"", ""["", ""symb"", "","", ""expr"", ""]""}]",Binary,Infix,Non,symb:expr,"Pattern[symb, expr]",True,
Optional,Optional,X,190,140,7,64.5,,"{{Row[{""patt"", "":"", ""expr""}]}}","Row[{""Optional"", ""["", ""patt"", "","", ""expr"", ""]""}]",Binary,Infix,Non,patt:expr,"Optional[patt, expr]",True,
StringExpression,StringExpression,,180,135,6,65,,"{{Row[{""expr1"", ""~~"", ""expr2""}]}}","Row[{""StringExpression"", ""["", ""expr1"", "","", ""exrp2"", "", "", ""expr3"", ""]""}]",Binary,Infix,None,expr1~~expr2,"StringExpression[expr1, expr2]",True,
Condition,Condition,,170,130,5,66,,"{{Row[{""expr1"", ""/;"", ""expr2""}]}}","Row[{""Condition"", ""["", ""expr1"", "","", ""expr2"", ""]""}]",Binary,Infix,Left,expr1/;expr2,"Condition[expr1, expr2]",True,
TwoWayRule,TwoWayRule,,160,125,4,66.5,255,"{{Row[{""expr1"", ""<->"", ""expr2""}], Row[{""expr1"", """", ""expr2""}]}}","Row[{""TwoWayRule"", ""["", ""expr1"", "","", ""expr2"", ""]""}]",Binary,Infix,Right,expr1<->expr2,"TwoWayRule[expr1, expr2]",True,
RuleDelayed,RuleDelayed,,150,120,3,67,250,"{{Row[{""expr1"", "":>"", ""expr2""}], Row[{""expr1"", """", ""expr2""}]}}","Row[{""RuleDelayed"", ""["", ""expr1"", "","", ""expr2"", ""]""}]",Binary,Infix,Right,expr1:>expr2,"RuleDelayed[expr1, expr2]",True,
Rule,Rule,,140,120,2,67,250,"{{Row[{""expr1"", ""->"", ""expr2""}], Row[{""expr1"", """", ""expr2""}]}}","Row[{""Rule"", ""["", ""expr1"", "","", ""expr2"", ""]""}]",Binary,Infix,Right,expr1->expr2,"Rule[expr1, expr2]",True,
ReplaceAll,ReplaceAll,,130,110,1,68,,"{{Row[{""expr1"", ""/."", ""expr2""}]}}","Row[{""ReplaceAll"", ""["", ""expr1"", "","", ""expr2"", ""]""}]",Binary,Infix,Left,expr1/.expr2,"ReplaceAll[expr1, expr2]",True,
ReplaceRepeated,ReplaceRepeated,,130,110,1,68,,"{{Row[{""expr1"", ""//."", ""expr2""}]}}","Row[{""ReplaceRepeated"", ""["", ""expr1"", "","", ""expr2"", ""]""}]",Binary,Infix,Left,expr1//.expr2,"ReplaceRepeated[expr1, expr2]",True,
TimesBy,TimesBy,,120,100,,69,,"{{Row[{""expr1"", ""*="", ""expr2""}]}}","Row[{""TimesBy"", ""["", ""expr1"", "","", ""expr2"", ""]""}]",Binary,Infix,Right,expr1*=expr2,"TimesBy[expr1, expr2]",True,
SubtractFrom,SubtractFrom,,120,100,,69,,"{{Row[{""expr1"", ""-="", ""expr2""}]}}","Row[{""SubtractFrom"", ""["", ""expr1"", "","", ""expr2"", ""]""}]",Binary,Infix,Right,expr1-=expr2,"SubtractFrom[expr1, expr2]",True,
DivideBy,DivideBy,,120,100,,69,,"{{Row[{""expr1"", ""/="", ""expr2""}]}}","Row[{""DivideBy"", ""["", ""expr1"", "","", ""expr2"", ""]""}]",Binary,Infix,Right,expr1/=expr2,"DivideBy[expr1, expr2]",True,
AddTo,AddTo,,120,100,,69,,"{{Row[{""expr1"", ""+="", ""expr2""}]}}","Row[{""AddTo"", ""["", ""expr1"", "","", ""expr2"", ""]""}]",Binary,Infix,Right,expr1+=expr2,"AddTo[expr1, expr2]",True,
Function,Function,,110,90,6,70,,"{{Row[{""expr"", ""&""}]}}","Row[{""Function"", ""["", ""expr"", ""]""}]",Unary,Postfix,Left,expr&,Function[expr],True,
Colon,Colon,,100,80,5,71,205,"{{Row[{""expr1"", ""∶"", ""expr2""}]}}","Row[{""Colon"", ""["", ""expr1"", "","", ""expr2"", ""]""}]",Binary,Infix,None,expr1∶expr2,"Colon[expr1, expr2]",False,
FunctionApplyPostfix,Postfix,,90,70,4,72,,"{{Row[{""expr1"", ""//"", ""expr2""}]}}","Row[{""expr2"", ""["", ""expr1"", ""]""}]",Binary,Infix,Left,expr1//expr2,expr2[expr1],True,Postfix[f[x]] will display as x//f. Precedence identifies Postfix with this operator.
VerticalSeparator,VerticalSeparator,,80,60,3,73,202,"{{Row[{""expr1"", """", ""expr2""}]}}","Row[{""VerticalSeparator"", ""["", ""expr1"", "","", ""expr2"", ""]""}]",Binary,Infix,None,expr1expr2,"VerticalSeparator[expr1, expr2]",False,
Therefore,Therefore,,70,50,2,74,201,"{{Row[{""expr1"", ""∴"", ""expr2""}]}}","Row[{""Therefore"", ""["", ""expr1"", "","", ""expr2"", ""]""}]",Binary,Infix,Right,expr1∴expr2,"Therefore[expr1, expr2]",False,
Because,Because,,60,50,1,74,201,"{{Row[{""expr1"", ""∵"", ""expr2""}]}}","Row[{""Because"", ""["", ""expr1"", "","", ""expr2"", ""]""}]",Binary,Infix,Left,expr1∵expr2,"Because[expr1, expr2]",False,
ParameterizedFunction,Function,,50,40,,75,190,"{{Row[{""expr1"", """", ""expr2""}]}}","Row[{""Function"", ""["", ""{"", ""expr1"", ""}"", "","", ""expr2"", ""]""}]",Binary,Infix,Right,expr1expr2,"Function[expr1, expr2]",True,
Set,Set,,50,40,,75,190,"{{Row[{""expr1"", ""="", ""expr2""}]}}","Row[{""Set"", ""["", ""expr1"", "","", ""expr2"", ""]""}]",Binary,Infix,Right,expr1=expr2,"Set[expr1, expr2]",True,
SetDelayed,SetDelayed,,50,40,,75,190,"{{Row[{""expr1"", "":="", ""expr2""}]}}","Row[{""SetDelayed"", ""["", ""expr1"", "","", ""expr2"", ""]""}]",Binary,Infix,Right,expr1:=expr2,"SetDelayed[expr1, expr2]",True,
TagSet,TagSet,,50,40,,75,190,"{{Row[{""symb"", ""/:"", ""expr1"", ""="", ""expr2""}]}}","Row[{""TagSet"", ""["", ""symb"", "","", ""expr1"", ""]""}]",Ternary,Infix,Right,symb/:expr1=expr2,"TagSet[symb, expr1, expr2]",True,
TagSetDelayed,TagSetDelayed,,50,40,,75,190,"{{Row[{""symb"", ""/:"", ""expr1"", "":="", ""expr2""}]}}","Row[{""TagSetDelayed"", ""["", ""symb"", "","", ""expr1"", ""]""}]",Ternary,Infix,Right,symb/:expr1:=expr2,"TagSetDelayed[symb, expr1, expr2]",True,
TagUnset,TagUnset,,50,40,,75,190,"{{Row[{""symb"", ""/;"", ""expr"", ""=.""}]}}","Row[{""TagUnset"", ""["", ""symb"", "","", ""expr"", ""]""}]",Binary,Infix,Right,symb/;expr=.,"Unset[Condition[symb, expr]]",True,
Unset,Unset,,50,40,,75,190,"{{Row[{""expr"", ""=.""}]}}","Row[{""Unset"", ""["", ""expr"", ""]""}]",Unary,Postfix,Left,expr=.,Unset[expr],True,
UpSet,UpSet,,50,40,,75,190,"{{Row[{""expr1"", ""^="", ""expr2""}]}}","Row[{""UpSet"", ""["", ""expr1"", "","", ""expr2"", ""]""}]",Binary,Infix,Right,expr1^=expr2,"UpSet[expr1, expr2]",True,
UpSetDelayed,UpSetDelayed,,50,40,,75,190,"{{Row[{""expr1"", ""^:="", ""expr2""}]}}","Row[{""UpSetDelayed"", ""["", ""expr1"", "","", ""expr2"", ""]""}]",Binary,Infix,Right,expr1^:=expr2,"UpSetDelayed[expr1, expr2]",True,
Put,Put,,40,30,,76,,"{{Row[{""expr"", "">>"", ""filename""}]}}","Row[{""Put"", ""["", ""expr"", "","", ""\"""", ""filename""}]",Binary,Infix,Left,expr>>filename,"Put[expr, ""filename""]",True,
PutAppend,PutAppend,,40,30,,76,,"{{Row[{""expr"", "">>>"", ""filename""}]}}","Row[{""PutAppend"", ""["", ""expr"", "","", ""\"""", ""filename""}]",Binary,Infix,Left,expr>>>filename,"PutAppend[expr, ""filename""]",True,
CompoundExpression,CompoundExpression,,30,10,,77,,"{{Row[{""expr1"", "";"", ""expr2""}]}}","Row[{""CompoundExpression"", ""["", ""expr1"", "","", ""expr2"", ""]""}]",Binary,Infix,None,expr1;expr2,"CompoundExpression[expr1, expr2]",True,
CompoundExpressionNull,CompoundExpression,,30,10,,77,,"{{Row[{""expr1"", "";"", ""expr2"", "";""}]}}","Row[{""CompoundExpression"", ""["", ""expr1"", "","", ""expr2"", ""]""}]",Unary,Postfix,Left,expr1;expr2;,"CompoundExpression[expr1, expr2, Null]",True,
FormBox,FormBox,X,20,5,,78,,"{{Row[{""expr1"", ""\\`"", ""expr2""}]}}","Row[{""FormBox"", ""["", ""expr2"", "","", ""expr1"", ""]""}]",Binary,Infix,"Missing[""Unknown""]",expr1\`expr2,,True,
ImplicitSequence,Comma,X,10,755,,,1,"{{Row[{""expr1"", """", ""expr2""}], Row[{""expr1"", "","", ""expr2""}]}}",,Binary,Infix,None,"expr1, expr2","expr1, expr2",True,