"∀","ForAll","FOR ALL","($fa$   $&ForAll;$   $\forall$)","Prefix",350,"None","","0x2200",8704,""
"∃","Exists","THERE EXISTS","($ex$   $&Exists;$   $\exists$)","Prefix",350,"None","","0x2203",8707,""
"∄","NotExists","THERE DOES NOT EXIST","($!ex$   $&NotExists;$   $\nexists$)","Prefix",350,"None","","0x2204",8708,""
"∈","Element","ELEMENT OF","($elem$   $el$   $&Element;$   $\in$)","Infix",360,"None","","0x2208",8712,""
"∉","NotElement","NOT AN ELEMENT OF","($!elem$   $!el$   $&NotElement;$   $\notin$)","Infix",360,"None","","0x2209",8713,""
"∋","ReverseElement","CONTAINS AS MEMBER","($mem$   $&ReverseElement;$   $\ni$   $\owns$)","Infix",360,"None","","0x220B",8715,""
"∌","NotReverseElement","DOES NOT CONTAIN AS MEMBER","($!mem$   $&NotReverseElement;$)","Infix",360,"None","","0x220C",8716,""
"∵","Because","BECAUSE","($&Because;$   $\because$)","Infix",201,"Left","","0x2235",8757,""
"∍","SuchThat","SMALL CONTAINS AS MEMBER","($st$   $&SuchThat;$)","Infix",290,"Right","","0x220D",8717,""
"","VerticalSeparator","","($|$   $&VerticalSeparator;$)","Infix",202,"None","","0xF432",62514,""
"∴","Therefore","THEREFORE","($tf$   $&Therefore;$   $\therefore$)","Infix",201,"Right","","0x2234",8756,""
"","Implies","","($=>$   $&Implies;$)","Infix",310,"Right","","0xF523",62755,""
"⥰","RoundImplies","RIGHT DOUBLE ARROW WITH ROUNDED HEAD","($&RoundImplies;$)","Infix",310,"Right","","0x2970",10608,""
"⧦","Equivalent","GLEICH STARK","($equiv$)","Infix",315,"None","","0x29E6",10726,""
"∼","Tilde","TILDE OPERATOR","($~$   $&Tilde;$   $\sim$)","Infix",390,"None","","0x223C",8764,""
"≁","NotTilde","NOT TILDE","($!~$   $&NotTilde;$   $\nsim$)","Infix",390,"None","","0x2241",8769,""
"≂","EqualTilde","MINUS TILDE","($=~$   $&EqualTilde;$)","Infix",390,"None","","0x2242",8770,""
"≃","TildeEqual","ASYMPTOTICALLY EQUAL TO","($~=$   $&TildeEqual;$   $\simeq$)","Infix",390,"None","","0x2243",8771,""
"≄","NotTildeEqual","NOT ASYMPTOTICALLY EQUAL TO","($!~=$   $&NotTildeEqual;$)","Infix",390,"None","","0x2244",8772,""
"≅","TildeFullEqual","APPROXIMATELY EQUAL TO","($~==$   $&TildeFullEqual;$   $\cong$)","Infix",390,"None","","0x2245",8773,""
"≈","TildeTilde","ALMOST EQUAL TO","($~~$   $&TildeTilde;$   $\approx$)","Infix",390,"None","","0x2248",8776,""
"≉","NotTildeTilde","NOT ALMOST EQUAL TO","($!~~$   $&NotTildeTilde;$)","Infix",390,"None","","0x2249",8777,""
"","NotEqualTilde","","($!=~$   $&NotEqualTilde;$)","Infix",390,"None","","0xF400",62464,""
"≇","NotTildeFullEqual","NEITHER APPROXIMATELY NOR ACTUALLY EQUAL TO","($!~==$   $&NotTildeFullEqual;$)","Infix",390,"None","","0x2247",8775,""
"≲","LessTilde","LESS-THAN OR EQUIVALENT TO","($<~$   $&LessTilde;$   $\lesssim$)","Infix",390,"None","","0x2272",8818,""
"≳","GreaterTilde","GREATER-THAN OR EQUIVALENT TO","($>~$   $&GreaterTilde;$   $\gtrsim$)","Infix",390,"None","","0x2273",8819,""
"≴","NotLessTilde","NEITHER LESS-THAN NOR EQUIVALENT TO","($!<~$   $&NotLessTilde;$)","Infix",390,"None","","0x2274",8820,""
"≵","NotGreaterTilde","NEITHER GREATER-THAN NOR EQUIVALENT TO","($!>~$   $&NotGreaterTilde;$)","Infix",390,"None","","0x2275",8821,""
"⊲","LeftTriangle","NORMAL SUBGROUP OF","($&LeftTriangle;$   $\triangleleft$)","Infix",390,"None","","0x22B2",8882,""
"⊳","RightTriangle","CONTAINS AS NORMAL SUBGROUP","($&RightTriangle;$   $\triangleright$)","Infix",390,"None","","0x22B3",8883,""
"⊴","LeftTriangleEqual","NORMAL SUBGROUP OF OR EQUAL TO","($&LeftTriangleEqual;$   $\trianglelefteq$)","Infix",390,"None","","0x22B4",8884,""
"⊵","RightTriangleEqual","CONTAINS AS NORMAL SUBGROUP OR EQUAL TO","($&RightTriangleEqual;$   $\trianglerighteq$)","Infix",390,"None","","0x22B5",8885,""
"⧏","LeftTriangleBar","LEFT TRIANGLE BESIDE VERTICAL BAR","($&LeftTriangleBar;$)","Infix",390,"None","","0x29CF",10703,""
"⧐","RightTriangleBar","VERTICAL BAR BESIDE RIGHT TRIANGLE","($&RightTriangleBar;$)","Infix",390,"None","","0x29D0",10704,""
"","NotLeftTriangleBar","","($&NotLeftTriangleBar;$)","Infix",390,"None","","0xF412",62482,""
"","NotRightTriangleBar","","($&NotRightTriangleBar;$)","Infix",390,"None","","0xF413",62483,""
"⋪","NotLeftTriangle","NOT NORMAL SUBGROUP OF","($&NotLeftTriangle;$)","Infix",390,"None","","0x22EA",8938,""
"⋬","NotLeftTriangleEqual","NOT NORMAL SUBGROUP OF OR EQUAL TO","($&NotLeftTriangleEqual;$)","Infix",390,"None","","0x22EC",8940,""
"⋫","NotRightTriangle","DOES NOT CONTAIN AS NORMAL SUBGROUP","($&NotRightTriangle;$)","Infix",390,"None","","0x22EB",8939,""
"⋭","NotRightTriangleEqual","DOES NOT CONTAIN AS NORMAL SUBGROUP OR EQUAL","($&NotRightTriangleEqual;$)","Infix",390,"None","","0x22ED",8941,""
"≠","NotEqual","NOT EQUAL TO","($!=$   $&NotEqual;$   $\neq$   $\ne$   $\not=$)","Infix",390,"None","","0x2260",8800,""
"≮","NotLess","NOT LESS-THAN","($!<$   $&NotLess;$   $\nless$)","Infix",390,"None","","0x226E",8814,""
"≯","NotGreater","NOT GREATER-THAN","($!>$   $&NotGreater;$   $\ngtr$)","Infix",390,"None","","0x226F",8815,""
"≤","LessEqual","LESS-THAN OR EQUAL TO","($<=$   $&leq;$   $\leq$   $\le$)","Infix",390,"None","","0x2264",8804,""
"≪","LessLess","MUCH LESS-THAN","($&LessLess;$   $\ll$)","Infix",390,"None","","0x226A",8810,""
"≫","GreaterGreater","MUCH GREATER-THAN","($&GreaterGreater;$   $\gg$)","Infix",390,"None","","0x226B",8811,""
"≰","NotLessEqual","NEITHER LESS-THAN NOR EQUAL TO","($!<=$   $&NotLessEqual;$   $\nleq$)","Infix",390,"None","","0x2270",8816,""
"≥","GreaterEqual","GREATER-THAN OR EQUAL TO","($>=$   $&GreaterEqual;$   $\geq$   $\ge$)","Infix",390,"None","","0x2265",8805,""
"≱","NotGreaterEqual","NEITHER GREATER-THAN NOR EQUAL TO","($!>=$   $&NotGreaterEqual;$   $\ngeq$)","Infix",390,"None","","0x2271",8817,""
"⩽","LessSlantEqual","LESS-THAN OR SLANTED EQUAL TO","($</$   $&LessSlantEqual;$)","Infix",390,"None","","0x2A7D",10877,""
"≦","LessFullEqual","LESS-THAN OVER EQUAL TO","($&LessFullEqual;$)","Infix",390,"None","","0x2266",8806,""
"","NotLessLess","","($&NotLessLess;$)","Infix",390,"None","","0xF422",62498,""
"","NotNestedLessLess","","($&NotNestedLessLess;$)","Infix",390,"None","","0xF423",62499,""
"","NotLessSlantEqual","","($!</$   $&NotLessSlantEqual;$)","Infix",390,"None","","0xF424",62500,""
"≨","NotLessFullEqual","LESS-THAN BUT NOT EQUAL TO","($&NotLessFullEqual;$)","Infix",390,"None","","0x2268",8808,""
"⪡","NestedLessLess","DOUBLE NESTED LESS-THAN","($&NestedLessLess;$)","Infix",390,"None","","0x2AA1",10913,""
"⪢","NestedGreaterGreater","DOUBLE NESTED GREATER-THAN","($&NestedGreaterGreater;$)","Infix",390,"None","","0x2AA2",10914,""
"⩾","GreaterSlantEqual","GREATER-THAN OR SLANTED EQUAL TO","($>/$   $&GreaterSlantEqual;$)","Infix",390,"None","","0x2A7E",10878,""
"≧","GreaterFullEqual","GREATER-THAN OVER EQUAL TO","($&GreaterFullEqual;$)","Infix",390,"None","","0x2267",8807,""
"","NotGreaterGreater","","($&NotGreaterGreater;$)","Infix",390,"None","","0xF427",62503,""
"","NotNestedGreaterGreater","","($&NotNestedGreaterGreater;$)","Infix",390,"None","","0xF428",62504,""
"","NotGreaterSlantEqual","","($!>/$   $&NotGreaterSlantEqual;$)","Infix",390,"None","","0xF429",62505,""
"≩","NotGreaterFullEqual","GREATER-THAN BUT NOT EQUAL TO","($&NotGreaterFullEqual;$)","Infix",390,"None","","0x2269",8809,""
"≶","LessGreater","LESS-THAN OR GREATER-THAN","($&LessGreater;$)","Infix",390,"None","","0x2276",8822,""
"≷","GreaterLess","GREATER-THAN OR LESS-THAN","($&GreaterLess;$)","Infix",390,"None","","0x2277",8823,""
"≸","NotLessGreater","NEITHER LESS-THAN NOR GREATER-THAN","($&NotLessGreater;$)","Infix",390,"None","","0x2278",8824,""
"≹","NotGreaterLess","NEITHER GREATER-THAN NOR LESS-THAN","($&NotGreaterLess;$)","Infix",390,"None","","0x2279",8825,""
"⋚","LessEqualGreater","LESS-THAN EQUAL TO OR GREATER-THAN","($&LessEqualGreater;$)","Infix",390,"None","","0x22DA",8922,""
"⋛","GreaterEqualLess","GREATER-THAN EQUAL TO OR LESS-THAN","($&GreaterEqualLess;$)","Infix",390,"None","","0x22DB",8923,""
"","Limit","","($lim$   $\lim$)","Prefix",440,"None","","0xF438",62520,""
"","MaxLimit","","($Mlim$   $\limsup$)","Prefix",440,"None","","0xF439",62521,""
"","MinLimit","","($mlim$   $\liminf$)","Prefix",440,"None","","0xF43A",62522,""
"⊂","Subset","SUBSET OF","($sub$   $&subset;$   $\subset$)","Infix",360,"None","","0x2282",8834,""
"⊃","Superset","SUPERSET OF","($sup$   $&Superset;$   $\supset$)","Infix",360,"None","","0x2283",8835,""
"⊄","NotSubset","NOT A SUBSET OF","($!sub$   $&NotSubset;$)","Infix",360,"None","","0x2284",8836,""
"⊅","NotSuperset","NOT A SUPERSET OF","($!sup$   $&NotSuperset;$)","Infix",360,"None","","0x2285",8837,""
"⊆","SubsetEqual","SUBSET OF OR EQUAL TO","($sub=$   $&SubsetEqual;$   $\subseteq$)","Infix",360,"None","","0x2286",8838,""
"⊇","SupersetEqual","SUPERSET OF OR EQUAL TO","($sup=$   $&SupersetEqual;$   $\supseteq$)","Infix",360,"None","","0x2287",8839,""
"⊈","NotSubsetEqual","NEITHER A SUBSET OF NOR EQUAL TO","($!sub=$   $&NotSubsetEqual;$   $\nsubseteq$)","Infix",360,"None","","0x2288",8840,""
"⊉","NotSupersetEqual","NEITHER A SUPERSET OF NOR EQUAL TO","($!sup=$   $&NotSupersetEqual;$   $\nsupseteq$)","Infix",360,"None","","0x2289",8841,""
"⊏","SquareSubset","SQUARE IMAGE OF","($&SquareSubset;$   $\sqsubset$)","Infix",360,"None","","0x228F",8847,""
"⊐","SquareSuperset","SQUARE ORIGINAL OF","($&SquareSuperset;$   $\sqsupset$)","Infix",360,"None","","0x2290",8848,""
"⊑","SquareSubsetEqual","SQUARE IMAGE OF OR EQUAL TO","($&SquareSubsetEqual;$   $\sqsubseteq$)","Infix",360,"None","","0x2291",8849,""
"⊒","SquareSupersetEqual","SQUARE ORIGINAL OF OR EQUAL TO","($&SquareSupersetEqual;$   $\sqsupseteq$)","Infix",360,"None","","0x2292",8850,""
"","NotSquareSubset","","($&NotSquareSubset;$)","Infix",360,"None","","0xF42E",62510,""
"","NotSquareSuperset","","($&NotSquareSuperset;$)","Infix",360,"None","","0xF42F",62511,""
"⋢","NotSquareSubsetEqual","NOT SQUARE IMAGE OF OR EQUAL TO","($&NotSquareSubsetEqual;$)","Infix",360,"None","","0x22E2",8930,""
"⋣","NotSquareSupersetEqual","NOT SQUARE ORIGINAL OF OR EQUAL TO","($&NotSquareSupersetEqual;$)","Infix",360,"None","","0x22E3",8931,""
"≺","Precedes","PRECEDES","($&Precedes;$   $\prec$)","Infix",390,"None","","0x227A",8826,""
"≻","Succeeds","SUCCEEDS","($&Succeeds;$   $\succ$)","Infix",390,"None","","0x227B",8827,""
"⪯","PrecedesEqual","PRECEDES ABOVE SINGLE-LINE EQUALS SIGN","($&PrecedesEqual;$   $\preceq$)","Infix",390,"None","","0x2AAF",10927,""
"⪰","SucceedsEqual","SUCCEEDS ABOVE SINGLE-LINE EQUALS SIGN","($&SucceedsEqual;$   $\succeq$)","Infix",390,"None","","0x2AB0",10928,""
"≾","PrecedesTilde","PRECEDES OR EQUIVALENT TO","($&PrecedesTilde;$   $\precsim$)","Infix",390,"None","","0x227E",8830,""
"≿","SucceedsTilde","SUCCEEDS OR EQUIVALENT TO","($&SucceedsTilde;$   $\succsim$)","Infix",390,"None","","0x227F",8831,""
"⊀","NotPrecedes","DOES NOT PRECEDE","($&NotPrecedes;$   $\nprec$)","Infix",390,"None","","0x2280",8832,""
"⊁","NotSucceeds","DOES NOT SUCCEED","($&NotSucceeds;$   $\nsucc$)","Infix",390,"None","","0x2281",8833,""
"≼","PrecedesSlantEqual","PRECEDES OR EQUAL TO","($&PrecedesSlantEqual;$)","Infix",390,"None","","0x227C",8828,""
"","NotPrecedesEqual","","($&NotPrecedesEqual;$)","Infix",390,"None","","0xF42B",62507,""
"⋠","NotPrecedesSlantEqual","DOES NOT PRECEDE OR EQUAL","($&NotPrecedesSlantEqual;$)","Infix",390,"None","","0x22E0",8928,""
"⋨","NotPrecedesTilde","PRECEDES BUT NOT EQUIVALENT TO","($&NotPrecedesTilde;$)","Infix",390,"None","","0x22E8",8936,""
"≽","SucceedsSlantEqual","SUCCEEDS OR EQUAL TO","($&SucceedsSlantEqual;$)","Infix",390,"None","","0x227D",8829,""
"","NotSucceedsEqual","","($&NotSucceedsEqual;$)","Infix",390,"None","","0xF42D",62509,""
"⋡","NotSucceedsSlantEqual","DOES NOT SUCCEED OR EQUAL","($&NotSucceedsSlantEqual;$)","Infix",390,"None","","0x22E1",8929,""
"⋩","NotSucceedsTilde","SUCCEEDS BUT NOT EQUIVALENT TO","($&NotSucceedsTilde;$)","Infix",390,"None","","0x22E9",8937,""
"⊥","UpTee","UP TACK","($uT$   $&UpTee;$   $\perp$   $\bot$)","Infix",390,"Left","","0x22A5",8869,""
"⟂","Perpendicular","PERPENDICULAR","($perp$   $\perpendicular$)","Infix",390,"None","","0x27C2",10178,""
"∝","Proportional","PROPORTIONAL TO","($prop$   $&Proportional;$   $\propto$)","Infix",390,"None","","0x221D",8733,""
"∷","Proportion","PROPORTION","($&Proportion;$)","Infix",390,"None","","0x2237",8759,""
"≡","Congruent","IDENTICAL TO","($===$   $&Congruent;$   $\equiv$)","Infix",390,"None","","0x2261",8801,""
"≢","NotCongruent","NOT IDENTICAL TO","($!===$   $&NotCongruent;$)","Infix",390,"None","","0x2262",8802,""
"≍","CupCap","EQUIVALENT TO","($&CupCap;$   $\asymp$)","Infix",390,"None","","0x224D",8781,""
"≭","NotCupCap","NOT EQUIVALENT TO","($&NotCupCap;$)","Infix",390,"None","","0x226D",8813,""
"⇌","Equilibrium","RIGHTWARDS HARPOON OVER LEFTWARDS HARPOON","($equi$   $&Equilibrium;$)","Infix",390,"None","","0x21CC",8652,""
"⇋","ReverseEquilibrium","LEFTWARDS HARPOON OVER RIGHTWARDS HARPOON","($&ReverseEquilibrium;$)","Infix",390,"None","","0x21CB",8651,""
"⥮","UpEquilibrium","UPWARDS HARPOON WITH BARB LEFT BESIDE DOWNWARDS HARPOON WITH BARB RIGHT","($&UpEquilibrium;$)","Infix",650,"None","","0x296E",10606,""
"⥯","ReverseUpEquilibrium","DOWNWARDS HARPOON WITH BARB LEFT BESIDE UPWARDS HARPOON WITH BARB RIGHT","($&ReverseUpEquilibrium;$)","Infix",650,"None","","0x296F",10607,""
"⊢","RightTee","RIGHT TACK","($rT$   $&RightTee;$   $\vdash$)","Infix",300,"Right","","0x22A2",8866,""
"⊣","LeftTee","LEFT TACK","($lT$   $&LeftTee;$   $\dashv$)","Infix",300,"Left","","0x22A3",8867,""
"⊤","DownTee","DOWN TACK","($dT$   $&DownTee;$)","Infix",300,"Left","","0x22A4",8868,""
"⊨","DoubleRightTee","TRUE","($&DoubleRightTee;$   $\models$)","Infix",300,"Right","","0x22A8",8872,""
"⫤","DoubleLeftTee","VERTICAL BAR DOUBLE LEFT TURNSTILE","($&DoubleLeftTee;$)","Infix",300,"Left","","0x2AE4",10980,""
"≏","HumpEqual","DIFFERENCE BETWEEN","($h=$   $&HumpEqual;$   $\bumpeq$)","Infix",390,"None","","0x224F",8783,""
"","NotHumpEqual","","($!h=$   $&NotHumpEqual;$)","Infix",390,"None","","0xF401",62465,""
"≎","HumpDownHump","GEOMETRICALLY EQUIVALENT TO","($&HumpDownHump;$)","Infix",390,"None","","0x224E",8782,""
"","NotHumpDownHump","","($&NotHumpDownHump;$)","Infix",390,"None","","0xF402",62466,""
"≐","DotEqual","APPROACHES THE LIMIT","($.=$   $&DotEqual;$   $\doteq$)","Infix",390,"None","","0x2250",8784,""
"∶","Colon","RATIO","($:$   $&colon;$)","Infix",205,"None","","0x2236",8758,""
"","Equal","","($==$   $&Equal;$)","Infix",390,"None","","0xF431",62513,""
"","LongEqual","","($l=$)","Infix",390,"None","","0xF7D9",63449,""
"√","Sqrt","SQUARE ROOT","($sqrt$   $&Sqrt;$   $\surd$)","Prefix",650,"None","","0x221A",8730,""
"∣","Divides","DIVIDES","($divides$   $&Divides;$)","Infix",590,"None","","0x2223",8739,""
"∥","DoubleVerticalBar","PARALLEL TO","($ ||$   $&DoubleVerticalBar;$   $\Vert$   $\parallel$   $\|$)","Infix",390,"None","","0x2225",8741,""
"∦","NotDoubleVerticalBar","NOT PARALLEL TO","($!||$   $&NotDoubleVerticalBar;$)","Infix",390,"None","","0x2226",8742,""
"¬","Not","NOT SIGN","($not$   $!$   $&not;$   $\neg$   $\lnot$)","Prefix",340,"None","","0x00AC",172,""
"≀","VerticalTilde","WREATH PRODUCT","($&VerticalTilde;$   $\wr$)","Infix",490,"None","","0x2240",8768,""
"×","Times","MULTIPLICATION SIGN","($*$   $&times;$)","Infix",520,"None","","0x00D7",215,""
"⁢","InvisibleTimes","INVISIBLE TIMES","()","Infix",520,"None","","0x2062",8290,""
"±","PlusMinus","PLUS-MINUS SIGN","($+-$   $&PlusMinus;$   $\pm$)","Infix",430,"Left","","0x00B1",177,""
"±","Plus-minusSign","PLUS-MINUS SIGN","()","Prefix",600,"None","","0x00B1",177,""
"∓","MinusPlus","MINUS-OR-PLUS SIGN","($-+$   $&MinusPlus;$   $\mp$)","Infix",430,"Left","","0x2213",8723,""
"∓","Minus-or-plusSign","MINUS-OR-PLUS SIGN","()","Prefix",600,"None","","0x2213",8723,""
"−","Minus","MINUS SIGN","($&minus;$)","Infix",430,"None","","0x2212",8722,""
"−","MinusSign","MINUS SIGN","()","Prefix",600,"None","","0x2212",8722,""
"∕","DivisionSlash","DIVISION SLASH","()","Infix",590,"Left","","0x2215",8725,""
"÷","Divide","DIVISION SIGN","($div$   $&div;$   $\div$)","Infix",590,"Left","","0x00F7",247,""
"·","CenterDot","MIDDLE DOT","($.$   $&CenterDot;$   $\cdot$   $\centerdot$)","Infix",530,"None","","0x00B7",183,""
"∘","SmallCircle","RING OPERATOR","($sc$   $&SmallCircle;$)","Infix",607,"None","","0x2218",8728,""
"","Cross","","($cross$   $&Cross;$   $\times$)","Infix",603,"None","","0xF4A0",62624,""
"⊕","CirclePlus","CIRCLED PLUS","($c+$   $&CirclePlus;$   $\oplus$)","Infix",450,"None","","0x2295",8853,""
"⊕","CircledPlus","CIRCLED PLUS","()","LargeOp:Prefix",440,"None","","0x2295",8853,""
"⊖","CircleMinus","CIRCLED MINUS","($c-$   $&CircleMinus;$   $\ominus$)","Infix",450,"Left","","0x2296",8854,""
"⊖","CircledMinus","CIRCLED MINUS","()","LargeOp:Prefix",440,"None","","0x2296",8854,""
"⊗","CircleTimes","CIRCLED TIMES","($c*$   $&CircleTimes;$   $\otimes$)","Infix",540,"None","","0x2297",8855,""
"⊗","CircledTimes","CIRCLED TIMES","()","LargeOp:Prefix",500,"None","","0x2297",8855,""
"⊙","CircleDot","CIRCLED DOT OPERATOR","($c.$   $&CircleDot;$   $\odot$)","Infix",605,"None","","0x2299",8857,""
"⊙","CircledDotOperator","CIRCLED DOT OPERATOR","()","LargeOp:Prefix",520,"None","","0x2299",8857,""
"","PermutationProduct","","($p*$)","Infix",605,"None","","0xF3DE",62430,""
"","TensorProduct","","($t*$)","Infix",602,"None","","0xF3DA",62426,""
"","TensorWedge","","($t^$)","Infix",603,"None","","0xF3DB",62427,""
"⋆","Star","STAR OPERATOR","($star$   $&Star;$)","Infix",510,"None","","0x22C6",8902,""
"","Square","","($sq$   $&Square;$)","Prefix",610,"None","","0xF520",62752,""
"⋄","Diamond","DIAMOND OPERATOR","($dia$   $&Diamond;$)","Infix",570,"None","","0x22C4",8900,""
"∆","Laplacian","INCREMENT","($clap$)","Prefix",620,"None","","0x2206",8710,""
"∇","Del","NABLA","($del$   $&Del;$   $\nabla$)","CompoundPrefix",620,"None","","0x2207",8711,""
"","Divergence","","($cdive$)","Prefix",601,"None","","0xF3D7",62423,""
"","Curl","","($ccurl$)","Prefix",601,"None","","0xF3D8",62424,""
"","ProbabilityPr","","($prob$)","Prefix",455,"None","","0xF3DC",62428,""
"","ExpectationE","","($expect$)","Prefix",455,"None","","0xF3DD",62429,""
"∖","Backslash","SET MINUS","($\$   $&Backslash;$   $\setminus$)","Infix",580,"None","","0x2216",8726,""
"⌢","Cap","FROWN","($&frown;$   $\frown$)","Infix",470,"None","","0x2322",8994,""
"⌣","Cup","SMILE","($&smile;$   $\smile$)","Infix",460,"None","","0x2323",8995,""
"∐","Coproduct","N-ARY COPRODUCT","($coprod$   $&Coproduct;$   $\amalg$)","Infix",500,"None","","0x2210",8720,""
"∫","Integral","INTEGRAL","($int$   $&Integral;$   $\int$   $\intop$)","LargeOp:Prefix",455,"None","","0x222B",8747,""
"∮","ContourIntegral","CONTOUR INTEGRAL","($cint$   $&ContourIntegral;$   $\oint$)","LargeOp:Prefix",455,"None","","0x222E",8750,""
"∯","DoubleContourIntegral","SURFACE INTEGRAL","($&DoubleContourIntegral;$)","LargeOp:Prefix",455,"None","","0x222F",8751,""
"∳","CounterClockwiseContourIntegral","ANTICLOCKWISE CONTOUR INTEGRAL","($cccint$   $&CounterClockwiseContourIntegral;$)","LargeOp:Prefix",455,"None","","0x2233",8755,""
"∲","ClockwiseContourIntegral","CLOCKWISE CONTOUR INTEGRAL","($ccint$   $&ClockwiseContourIntegral;$)","LargeOp:Prefix",455,"None","","0x2232",8754,""
"∑","Sum","N-ARY SUMMATION","($sum$   $&Sum;$   $\sum$)","LargeOp:Prefix",440,"None","","0x2211",8721,""
"∏","Product","N-ARY PRODUCT","($prod$   $&Product;$   $\prod$)","LargeOp:Prefix",500,"None","","0x220F",8719,""
"","ContinuedFractionK","","()","LargeOp:Prefix",500,"None","","0xF3D9",62425,""
"⋂","Intersection","N-ARY INTERSECTION","($inter$   $&Intersection;$   $\cap$   $\bigcap$)","Infix",420,"None","","0x22C2",8898,""
"⋂","N-aryIntersection","N-ARY INTERSECTION","()","LargeOp:Prefix",500,"None","","0x22C2",8898,""
"⋃","Union","N-ARY UNION","($un$   $&Union;$   $\cup$   $\bigcup$)","Infix",410,"None","","0x22C3",8899,""
"⋃","N-aryUnion","N-ARY UNION","()","LargeOp:Prefix",440,"None","","0x22C3",8899,""
"⊎","UnionPlus","MULTISET UNION","($&UnionPlus;$   $\biguplus$   $\uplus$)","Infix",410,"None","","0x228E",8846,""
"⊎","MultisetUnion","MULTISET UNION","()","LargeOp:Prefix",440,"None","","0x228E",8846,""
"⊓","SquareIntersection","SQUARE CAP","($&SquareIntersection;$   $\sqcap$)","Infix",420,"None","","0x2293",8851,""
"⊔","SquareUnion","SQUARE CUP","($&SquareUnion;$   $\sqcup$)","Infix",410,"None","","0x2294",8852,""
"⋀","Wedge","N-ARY LOGICAL AND","($^$   $&Wedge;$   $\wedge$)","Infix",560,"None","","0x22C0",8896,""
"⋀","N-aryLogicalAnd","N-ARY LOGICAL AND","()","LargeOp:Prefix",500,"None","","0x22C0",8896,""
"∧","And","LOGICAL AND","($and$   $&&$   $&and;$   $\land$)","Infix",330,"None","","0x2227",8743,""
"⊼","Nand","NAND","($nand$   $!&&$   $&barwed;$)","Infix",330,"None","","0x22BC",8892,""
"⋁","Vee","N-ARY LOGICAL OR","($v$   $&Vee;$   $\vee$)","Infix",550,"None","","0x22C1",8897,""
"⋁","N-aryLogicalOr","N-ARY LOGICAL OR","()","LargeOp:Prefix",440,"None","","0x22C1",8897,""
"∨","Or","LOGICAL OR","($or$   $||$   $&or;$   $\lor$)","Infix",320,"None","","0x2228",8744,""
"⊽","Nor","NOR","($nor$   $&barvee;$)","Infix",320,"None","","0x22BD",8893,""
"⊻","Xor","XOR","($xor$   $&veebar;$)","Infix",325,"None","","0x22BB",8891,""
"","Xnor","","($xnor$)","Infix",325,"None","","0xF4A2",62626,""
"","DiscreteShift","","($shift$)","Prefix",620,"None","","0xF4A3",62627,""
"","DifferenceDelta","","($diffd$)","Prefix",620,"None","","0xF4A4",62628,""
"","DiscreteRatio","","($dratio$)","Prefix",620,"None","","0xF4A5",62629,""
"∂","PartialD","PARTIAL DIFFERENTIAL","($pd$   $&PartialD;$   $\partial$)","Prefix",620,"None","","0x2202",8706,""
"","DifferentialD","","($dd$   $&dd;$)","Prefix",630,"None","","0xF74C",63308,""
"","CapitalDifferentialD","","($DD$   $&CapitalDifferentialD;$)","Prefix",630,"None","","0xF74B",63307,""
"","Gradient","","($cgrad$)","Prefix",615,"Right","","0xF3D6",62422,""
"→","RightArrow","RIGHTWARDS ARROW","($ ->$   $&RightArrow;$   $\rightarrow$   $\to$)","Infix",380,"None","","0x2192",8594,""
"←","LeftArrow","LEFTWARDS ARROW","($<-$   $&LeftArrow;$   $\leftarrow$   $\gets$)","Infix",380,"None","","0x2190",8592,""
"↑","UpArrow","UPWARDS ARROW","($&UpArrow;$   $\uparrow$)","Infix",650,"None","","0x2191",8593,""
"↓","DownArrow","DOWNWARDS ARROW","($&DownArrow;$   $\downarrow$)","Infix",650,"None","","0x2193",8595,""
"↔","LeftRightArrow","LEFT RIGHT ARROW","($<->$   $&LeftRightArrow;$   $\leftrightarrow$)","Infix",380,"None","","0x2194",8596,""
"↕","UpDownArrow","UP DOWN ARROW","($&UpDownArrow;$   $\updownarrow$)","Infix",650,"None","","0x2195",8597,""
"","ShortRightArrow","","($&ShortRightArrow;$)","Infix",380,"None","","0xF525",62757,""
"","ShortLeftArrow","","($&ShortLeftArrow;$)","Infix",380,"None","","0xF526",62758,""
"","ShortUpArrow","","($&ShortUpArrow;$)","Infix",650,"None","","0xF52A",62762,""
"","ShortDownArrow","","($&ShortDownArrow;$)","Infix",650,"None","","0xF52B",62763,""
"","InlinePart","","($@>$)","Infix",763,"None","","0xF51E",62750,""
"","RuleDelayed","","($:>$   $&RuleDelayed;$)","Infix",250,"Right","","0xF51F",62751,""
"","Rule","","($->$)","Infix",250,"Right","","0xF522",62754,""
"⇒","DoubleRightArrow","RIGHTWARDS DOUBLE ARROW","($ =>$   $&DoubleRightArrow;$   $\Rightarrow$)","Infix",380,"None","","0x21D2",8658,""
"⇐","DoubleLeftArrow","LEFTWARDS DOUBLE ARROW","($ <=$   $&DoubleLeftArrow;$   $\Leftarrow$)","Infix",380,"None","","0x21D0",8656,""
"⇑","DoubleUpArrow","UPWARDS DOUBLE ARROW","($&DoubleUpArrow;$   $\Uparrow$)","Infix",650,"None","","0x21D1",8657,""
"⇓","DoubleDownArrow","DOWNWARDS DOUBLE ARROW","($&DoubleDownArrow;$   $\Downarrow$)","Infix",650,"None","","0x21D3",8659,""
"⇔","DoubleLeftRightArrow","LEFT RIGHT DOUBLE ARROW","($<=>$   $&DoubleLeftRightArrow;$   $\Leftrightarrow$)","Infix",380,"None","","0x21D4",8660,""
"⇕","DoubleUpDownArrow","UP DOWN DOUBLE ARROW","($&DoubleUpDownArrow;$   $\Updownarrow$)","Infix",650,"None","","0x21D5",8661,""
"⇥","RightArrowBar","RIGHTWARDS ARROW TO BAR","($&RightArrowBar;$)","Infix",380,"None","","0x21E5",8677,""
"⇤","LeftArrowBar","LEFTWARDS ARROW TO BAR","($&LeftArrowBar;$)","Infix",380,"None","","0x21E4",8676,""
"⤒","UpArrowBar","UPWARDS ARROW TO BAR","($&UpArrowBar;$)","Infix",650,"None","","0x2912",10514,""
"⤓","DownArrowBar","DOWNWARDS ARROW TO BAR","($&DownArrowBar;$)","Infix",650,"None","","0x2913",10515,""
"","Function","","($fn$)","Infix",190,"Right","","0xF4A1",62625,""
"↦","RightTeeArrow","RIGHTWARDS ARROW FROM BAR","($&RightTeeArrow;$   $\mapsto$)","Infix",380,"None","","0x21A6",8614,""
"↤","LeftTeeArrow","LEFTWARDS ARROW FROM BAR","($&LeftTeeArrow;$)","Infix",380,"None","","0x21A4",8612,""
"↥","UpTeeArrow","UPWARDS ARROW FROM BAR","($&UpTeeArrow;$)","Infix",650,"None","","0x21A5",8613,""
"↧","DownTeeArrow","DOWNWARDS ARROW FROM BAR","($&DownTeeArrow;$)","Infix",650,"None","","0x21A7",8615,""
"↖","UpperLeftArrow","NORTH WEST ARROW","($&UpperLeftArrow;$   $\nwarrow$)","Infix",380,"None","","0x2196",8598,""
"↗","UpperRightArrow","NORTH EAST ARROW","($&UpperRightArrow;$   $\nearrow$)","Infix",380,"None","","0x2197",8599,""
"↘","LowerRightArrow","SOUTH EAST ARROW","($&LowerRightArrow;$   $\searrow$)","Infix",380,"None","","0x2198",8600,""
"↙","LowerLeftArrow","SOUTH WEST ARROW","($&LowerLeftArrow;$   $\swarrow$)","Infix",380,"None","","0x2199",8601,""
"⟶","LongRightArrow","LONG RIGHTWARDS ARROW","($-->$   $&LongRightArrow;$   $\longrightarrow$)","Infix",650,"None","","0x27F6",10230,""
"⟵","LongLeftArrow","LONG LEFTWARDS ARROW","($<--$   $&LongLeftArrow;$   $\longleftarrow$)","Infix",650,"None","","0x27F5",10229,""
"⟸","DoubleLongLeftArrow","LONG LEFTWARDS DOUBLE ARROW","($<==$   $&DoubleLongLeftArrow;$   $\Longleftarrow$)","Infix",650,"None","","0x27F8",10232,""
"⟹","DoubleLongRightArrow","LONG RIGHTWARDS DOUBLE ARROW","($==>$   $&DoubleLongRightArrow;$   $\Longrightarrow$)","Infix",650,"None","","0x27F9",10233,""
"⟷","LongLeftRightArrow","LONG LEFT RIGHT ARROW","($<-->$   $&LongLeftRightArrow;$   $\longleftrightarrow$)","Infix",650,"None","","0x27F7",10231,""
"⟺","DoubleLongLeftRightArrow","LONG LEFT RIGHT DOUBLE ARROW","($<==>$   $&DoubleLongLeftRightArrow;$   $\Longleftrightarrow$   $\iff$)","Infix",650,"None","","0x27FA",10234,""
"⇄","RightArrowLeftArrow","RIGHTWARDS ARROW OVER LEFTWARDS ARROW","($&RightArrowLeftArrow;$)","Infix",380,"None","","0x21C4",8644,""
"⇆","LeftArrowRightArrow","LEFTWARDS ARROW OVER RIGHTWARDS ARROW","($&LeftArrowRightArrow;$)","Infix",380,"None","","0x21C6",8646,""
"⇅","UpArrowDownArrow","UPWARDS ARROW LEFTWARDS OF DOWNWARDS ARROW","($&UpArrowDownArrow;$)","Infix",650,"None","","0x21C5",8645,""
"⇵","DownArrowUpArrow","DOWNWARDS ARROW LEFTWARDS OF UPWARDS ARROW","($&DownArrowUpArrow;$)","Infix",650,"None","","0x21F5",8693,""
"⇀","RightVector","RIGHTWARDS HARPOON WITH BARB UPWARDS","($vec$   $&RightVector;$   $\rightharpoonup$)","Infix",380,"None","","0x21C0",8640,""
"⇁","DownRightVector","RIGHTWARDS HARPOON WITH BARB DOWNWARDS","($&DownRightVector;$)","Infix",380,"None","","0x21C1",8641,""
"↼","LeftVector","LEFTWARDS HARPOON WITH BARB UPWARDS","($&LeftVector;$   $\leftharpoonup$)","Infix",380,"None","","0x21BC",8636,""
"↽","DownLeftVector","LEFTWARDS HARPOON WITH BARB DOWNWARDS","($&DownLeftVector;$)","Infix",380,"None","","0x21BD",8637,""
"↾","RightUpVector","UPWARDS HARPOON WITH BARB RIGHTWARDS","($&RightUpVector;$)","Infix",650,"None","","0x21BE",8638,""
"↿","LeftUpVector","UPWARDS HARPOON WITH BARB LEFTWARDS","($&LeftUpVector;$)","Infix",650,"None","","0x21BF",8639,""
"⇂","RightDownVector","DOWNWARDS HARPOON WITH BARB RIGHTWARDS","($&RightDownVector;$)","Infix",650,"None","","0x21C2",8642,""
"⇃","LeftDownVector","DOWNWARDS HARPOON WITH BARB LEFTWARDS","($&LeftDownVector;$)","Infix",650,"None","","0x21C3",8643,""
"⥎","LeftRightVector","LEFT BARB UP RIGHT BARB UP HARPOON","($&LeftRightVector;$)","Infix",380,"None","","0x294E",10574,""
"⥐","DownLeftRightVector","LEFT BARB DOWN RIGHT BARB DOWN HARPOON","($&DownLeftRightVector;$)","Infix",380,"None","","0x2950",10576,""
"⥏","RightUpDownVector","UP BARB RIGHT DOWN BARB RIGHT HARPOON","($&RightUpDownVector;$)","Infix",650,"None","","0x294F",10575,""
"⥑","LeftUpDownVector","UP BARB LEFT DOWN BARB LEFT HARPOON","($&LeftUpDownVector;$)","Infix",650,"None","","0x2951",10577,""
"⥓","RightVectorBar","RIGHTWARDS HARPOON WITH BARB UP TO BAR","($&RightVectorBar;$)","Infix",380,"None","","0x2953",10579,""
"⥗","DownRightVectorBar","RIGHTWARDS HARPOON WITH BARB DOWN TO BAR","($&DownRightVectorBar;$)","Infix",380,"None","","0x2957",10583,""
"⥒","LeftVectorBar","LEFTWARDS HARPOON WITH BARB UP TO BAR","($&LeftVectorBar;$)","Infix",380,"None","","0x2952",10578,""
"⥖","DownLeftVectorBar","LEFTWARDS HARPOON WITH BARB DOWN TO BAR","($&DownLeftVectorBar;$)","Infix",380,"None","","0x2956",10582,""
"⥔","RightUpVectorBar","UPWARDS HARPOON WITH BARB RIGHT TO BAR","($&RightUpVectorBar;$)","Infix",650,"None","","0x2954",10580,""
"⥘","LeftUpVectorBar","UPWARDS HARPOON WITH BARB LEFT TO BAR","($&LeftUpVectorBar;$)","Infix",650,"None","","0x2958",10584,""
"⥕","RightDownVectorBar","DOWNWARDS HARPOON WITH BARB RIGHT TO BAR","($&RightDownVectorBar;$)","Infix",650,"None","","0x2955",10581,""
"⥙","LeftDownVectorBar","DOWNWARDS HARPOON WITH BARB LEFT TO BAR","($&LeftDownVectorBar;$)","Infix",650,"None","","0x2959",10585,""
"⥛","RightTeeVector","RIGHTWARDS HARPOON WITH BARB UP FROM BAR","($&RightTeeVector;$)","Infix",380,"None","","0x295B",10587,""
"⥟","DownRightTeeVector","RIGHTWARDS HARPOON WITH BARB DOWN FROM BAR","($&DownRightTeeVector;$)","Infix",380,"None","","0x295F",10591,""
"⥚","LeftTeeVector","LEFTWARDS HARPOON WITH BARB UP FROM BAR","($&LeftTeeVector;$)","Infix",380,"None","","0x295A",10586,""
"⥞","DownLeftTeeVector","LEFTWARDS HARPOON WITH BARB DOWN FROM BAR","($&DownLeftTeeVector;$)","Infix",380,"None","","0x295E",10590,""
"⥜","RightUpTeeVector","UPWARDS HARPOON WITH BARB RIGHT FROM BAR","($&RightUpTeeVector;$)","Infix",650,"None","","0x295C",10588,""
"⥠","LeftUpTeeVector","UPWARDS HARPOON WITH BARB LEFT FROM BAR","($&LeftUpTeeVector;$)","Infix",650,"None","","0x2960",10592,""
"⥝","RightDownTeeVector","DOWNWARDS HARPOON WITH BARB RIGHT FROM BAR","($&RightDownTeeVector;$)","Infix",650,"None","","0x295D",10589,""
"⥡","LeftDownTeeVector","DOWNWARDS HARPOON WITH BARB LEFT FROM BAR","($&LeftDownTeeVector;$)","Infix",650,"None","","0x2961",10593,""
"〚","LeftDoubleBracket","LEFT WHITE SQUARE BRACKET","($[[$   $&LeftDoubleBracket;$)","InfixOpen",-10,"None","0x301B","0x301A",12314,""
"〛","RightDoubleBracket","RIGHT WHITE SQUARE BRACKET","($]]$   $&RightDoubleBracket;$)","Close",-10,"None","","0x301B",12315,""
"〈","LeftAngleBracket","LEFT-POINTING ANGLE BRACKET","($<$   $&LeftAngleBracket;$   $\langle$)","Open",-10,"None","0x232A","0x2329",9001,""
"〉","RightAngleBracket","RIGHT-POINTING ANGLE BRACKET","($>$   $&RightAngleBracket;$   $\rangle$)","Close",-10,"None","","0x232A",9002,""
"","LeftAssociation","","($<|$)","Open",-10,"None","0xF114","0xF113",61715,""
"","RightAssociation","","($|>$)","Close",-10,"None","","0xF114",61716,""
"⌊","LeftFloor","LEFT FLOOR","($lf$   $&LeftFloor;$   $\lfloor$)","Open",-10,"None","0x230B","0x230A",8970,""
"⌋","RightFloor","RIGHT FLOOR","($rf$   $&RightFloor;$   $\rfloor$)","Close",-10,"None","","0x230B",8971,""
"⌈","LeftCeiling","LEFT CEILING","($lc$   $&LeftCeiling;$   $\lceil$)","Open",-10,"None","0x2309","0x2308",8968,""
"⌉","RightCeiling","RIGHT CEILING","($rc$   $&RightCeiling;$   $\rceil$)","Close",-10,"None","","0x2309",8969,""
"","LeftBracketingBar","","($l|$   $&LeftBracketingBar;$)","Open",-10,"None","0xF604","0xF603",62979,""
"","RightBracketingBar","","($r|$   $&RightBracketingBar;$)","Close",-10,"None","","0xF604",62980,""
"","LeftDoubleBracketingBar","","($l||$   $&LeftDoubleBracketingBar;$)","Open",-10,"None","0xF606","0xF605",62981,""
"","RightDoubleBracketingBar","","($r||$   $&RightDoubleBracketingBar;$)","Close",-10,"None","","0xF606",62982,""
"","ImplicitPlus","","($+$)","Infix",593,"None","","0xF39E",62366,""
"‘","OpenCurlyQuote","LEFT SINGLE QUOTATION MARK","($['$   $&OpenCurlyQuote;$)","Open",-10,"None","0x2019","0x2018",8216,""
"’","CloseCurlyQuote","RIGHT SINGLE QUOTATION MARK","($]'$   $&CloseCurlyQuote;$)","Close",-10,"None","","0x2019",8217,""
"“","OpenCurlyDoubleQuote","LEFT DOUBLE QUOTATION MARK","($[""$   $&OpenCurlyDoubleQuote;$)","Open",-10,"None","0x201D","0x201C",8220,""
"”","CloseCurlyDoubleQuote","RIGHT DOUBLE QUOTATION MARK","($]""$   $&CloseCurlyDoubleQuote;$)","Close",-10,"None","","0x201D",8221,""
"","InvisiblePrefixScriptBase","","($i-$)","Prefix",800,"None","","0xF3B3",62387,""
"","InvisiblePostfixScriptBase","","($-i$)","Postfix",800,"None","","0xF3B4",62388,""
"","InvisibleApplication","","($@$   $&af;$)","Infix",730,"Right","","0xF76D",63341,""
"","InvisibleComma","","($,$   $&ic;$)","Infix",1,"None","","0xF765",63333,""
"","LeftSkeleton","","($&LeftSkeleton;$)","Open",-10,"None","0xF762","0xF761",63329,""
"","RightSkeleton","","($&RightSkeleton;$)","Close",-10,"None","","0xF762",63330,""
"","AutoLeftMatch","","($\left.$)","Open",-10,"None","0xF3A9","0xF3A8",62376,""
"","AutoRightMatch","","($\right.$)","Close",-10,"None","","0xF3A9",62377,""
"","","","()","Postfix",595,"None","","0xF350",62288,"FractionBox[#1, ""\[Placeholder]""]&"
"","","","()","Postfix",780,"None","","0xF353",62291,"SubscriptBox[#1, ""\[Placeholder]""]&"
"","","","()","Postfix",660,"None","","0xF354",62292,"SuperscriptBox[#1, ""\[Placeholder]""]&"
"","","","()","Postfix",790,"None","","0xF355",62293,"UnderscriptBox[#1, ""\[Placeholder]""]&"
"","","","()","Postfix",790,"None","","0xF356",62294,"OverscriptBox[#1, ""\[Placeholder]""]&"
"","Piecewise","","($pw$   $&piecewise;$)","Prefix",600,"None","","0xF361",62305,""
"","Transpose","","($tr$)","Postfix",695,"None","","0xF3C7",62407,""
"","Conjugate","","($co$   $conj$)","Postfix",695,"None","","0xF3C8",62408,""
"","HermitianConjugate","","($hc$)","Postfix",695,"None","","0xF3CE",62414,""
"","ConjugateTranspose","","($ct$)","Postfix",695,"None","","0xF3C9",62409,""
"","VerticalBar","","($ |$   $&VerticalBar;$   $\mid$   $\vert$)","Infix",390,"None","","0xF3D0",62416,""
"","NotVerticalBar","","($!|$   $&NotVerticalBar;$)","Infix",390,"None","","0xF3D1",62417,""
"","Distributed","","($dist$)","Infix",360,"None","","0xF3D2",62418,""
"","Conditioned","","($cond$)","Infix",305,"None","","0xF3D3",62419,""
"","UndirectedEdge","","($ue$   $o-o$)","Infix",395,"None","","0xF3D4",62420,""
"","DirectedEdge","","($de$   $o->$)","Infix",395,"None","","0xF3D5",62421,""
"","TwoWayRule","","($<-> $)","Infix",255,"Right","","0xF120",61728,""
"（","FullwidthLeftParenthesis","FULLWIDTH LEFT PARENTHESIS","()","Open",-10,"None","0xff09","0xFF08",65288,""
"）","FullwidthRightParenthesis","FULLWIDTH RIGHT PARENTHESIS","()","Close",-10,"None","","0xFF09",65289,""
"［","FullwidthLeftSquareBracket","FULLWIDTH LEFT SQUARE BRACKET","()","Open",-10,"None","0xff3d","0xFF3B",65339,""
"］","FullwidthRightSquareBracket","FULLWIDTH RIGHT SQUARE BRACKET","()","Close",-10,"None","","0xFF3D",65341,""
"｛","FullwidthLeftCurlyBracket","FULLWIDTH LEFT CURLY BRACKET","()","Open",-10,"None","0xff5d","0xFF5B",65371,""
"｝","FullwidthRightCurlyBracket","FULLWIDTH RIGHT CURLY BRACKET","()","Close",-10,"None","","0xFF5D",65373,""
"〈","FullwidthLeftAngleBracket","LEFT ANGLE BRACKET","()","Open",-10,"None","0x3009","0x3008",12296,""
"〉","FullwidthRightAngleBracket","RIGHT ANGLE BRACKET","()","Close",-10,"None","","0x3009",12297,""
"《","LeftDoubleAngleBracket","LEFT DOUBLE ANGLE BRACKET","()","Open",-10,"None","0x300b","0x300A",12298,""
"》","RightDoubleAngleBracket","RIGHT DOUBLE ANGLE BRACKET","()","Close",-10,"None","","0x300B",12299,""
"「","LeftCornerBracket","LEFT CORNER BRACKET","()","Open",-10,"None","0x300d","0x300C",12300,""
"」","RightCornerBracket","RIGHT CORNER BRACKET","()","Close",-10,"None","","0x300D",12301,""
"『","LeftWhiteCornerBracket","LEFT WHITE CORNER BRACKET","()","Open",-10,"None","0x300f","0x300E",12302,""
"』","RightWhiteCornerBracket","RIGHT WHITE CORNER BRACKET","()","Close",-10,"None","","0x300F",12303,""
"【","LeftBlackLenticularBracket","LEFT BLACK LENTICULAR BRACKET","()","Open",-10,"None","0x3011","0x3010",12304,""
"】","RightBlackLenticularBracket","RIGHT BLACK LENTICULAR BRACKET","()","Close",-10,"None","","0x3011",12305,""
"〔","LeftTortoiseShellBracket","LEFT TORTOISE SHELL BRACKET","()","Open",-10,"None","0x3015","0x3014",12308,""
"〕","RightTortoiseShellBracket","RIGHT TORTOISE SHELL BRACKET","()","Close",-10,"None","","0x3015",12309,""
