AngleBracket,X,760,-10,,"{Row[{""〈"", ""expr"", "","", ""…"", ""〉""}]}",
Association,X,760,-10,,"{Row[{""<|"", ""expr"", "","", ""…"", ""|>""}], Row[{"""", ""expr"", "","", ""…"", """"}]}",
BracketingBar,X,760,-10,,"{Row[{"""", ""expr"", "","", ""…"", """"}]}",
Ceiling,X,760,-10,,"{Row[{""⌈"", ""expr"", ""⌉""}]}",
DoubleBracketingBar,X,760,-10,,"{Row[{"""", ""expr"", "","", ""…"", """"}]}",
Floor,X,760,-10,,"{Row[{""⌊"", ""expr"", ""⌋""}]}",
CurlyDoubleQuote,X,760,-10,,"{Row[{""“"", ""expr"", ""”""}]}",
CurlyQuote,X,760,-10,,"{Row[{""‘"", ""expr"", ""’""}]}",
AutoMatch,X,760,-10,,"{Row[{"""", ""expr"", """"}]}",
Skeleton,X,760,-10,,"{Row[{"""", ""n"", """"}]}",
Parentheses,X,760,-10,,"{Row[{""（"", ""expr"", ""）""}], Row[{""［"", ""expr"", ""］""}], Row[{""｛"", ""expr"", ""｝""}], Row[{""〈"", ""expr"", ""〉""}], Row[{""《"", ""expr"", ""》""}], Row[{""「"", ""expr"", ""」""}], Row[{""『"", ""expr"", ""』""}], Row[{""【"", ""expr"", ""】""}], Row[{""〔"", ""expr"", ""〕""}]}",
List,X,760,-10,,"{Row[{""{"", ""expr"", "","", ""…"", ""}""}]}",
InvisibleComma,X,,1,,"{Row[{""expr1"", """", ""expr2""}]}",
MessageName,X,750,,,"{Row[{""expr"", ""::"", ""string""}]}",
SlotNumber,X,740,,4,"{Row[{""#"", ""n""}]}",
SlotSequenceNumber,X,740,,3,"{Row[{""##"", ""n""}]}",
SlotSequence,X,740,,2,"{""##""}",
Slot,X,740,,1,"{""#""}",
Out,X,735,,2,"{Row[{""%%"", ""…"", ""%""}]}",
OutNumber,X,735,,1,"{Row[{""%"", ""n""}]}",
NamedBlankNullSequence,X,730,,14,"{Row[{""symb"", ""___""}]}",
NamedBlankOptional,X,730,,13,"{Row[{""symb"", ""_"", "".""}]}",
NamedBlankSequence,X,730,,12,"{Row[{""symb"", ""__""}]}",
NamedBlank,X,730,,11,"{Row[{""symb"", ""_""}]}",
NamedBlankNullSequenceHead,X,730,,10,"{Row[{""symb"", ""___"", ""expr""}]}",
NamedBlankSequenceHead,X,730,,9,"{Row[{""symb"", ""__"", ""expr""}]}",
NamedBlankHead,X,730,,8,"{Row[{""symb"", ""_"", ""expr""}]}",
BlankNullSequenceHead,X,730,,7,"{Row[{""___"", ""expr""}]}",
BlankSequenceHead,X,730,,6,"{Row[{""__"", ""expr""}]}",
BlankHead,X,730,,5,"{Row[{""_"", ""expr""}]}",
BlankOptional,X,730,,4,"{Row[{""_"", "".""}]}",
BlankNullSequence,X,730,,3,"{""___""}",
BlankSequence,X,730,,2,"{""__""}",
Blank,X,730,,1,"{""_""}",
Get,X,720,,,"{Row[{""<<"", ""filename""}]}",
OverscriptBox,X,710,,,"{Row[{""expr1"", ""\&"", ""expr2""}]}",
UnderscriptBox,X,710,,,"{Row[{""expr1"", ""\+"", ""expr2""}]}",
OverunderscriptBox,X,700,,,"{Row[{""expr1"", ""\&"", ""expr2"", ""\%"", ""expr3""}]}",
UnderoverscriptBox,X,700,,,"{Row[{""expr1"", ""\+"", ""expr2"", ""\%"", ""expr3""}]}",
SubscriptBox,X,695,,,"{Row[{""expr1"", ""\_"", ""expr2""}]}",
SubsuperscriptBox,X,695,,,"{Row[{""expr1"", ""\_"", ""expr2"", ""\%"", ""expr3""}]}",
PatternTest,,690,,2,"{Row[{""expr1"", ""?"", ""expr2""}]}",
InlinePart,,,763,1,"{Row[{""expr1"", ""@>"", ""expr2""}], Row[{""expr1"", """", ""expr2""}]}",
Part,,680,762,,"{Row[{""expr1"", ""[["", ""expr2"", "","", ""…"", ""]]""}], Row[{""expr1"", ""〚"", ""expr2"", "","", ""…"", ""〛""}]}",
Decrement,,670,760,,"{Row[{""expr"", ""--""}]}",
Increment,,670,760,,"{Row[{""expr"", ""++""}]}",
PreDecrement,,660,750,,"{Row[{""--"", ""expr""}]}",
PreIncrement,,660,750,,"{Row[{""++"", ""expr""}]}",
Composition,,650,740,,"{Row[{""expr1"", ""@*"", ""expr2""}]}",
RightComposition,,650,740,,"{Row[{""expr1"", ""/*"", ""expr2""}]}",
FunctionCallPrefix,,640,730,,"{Row[{""expr1"", ""@"", ""expr2""}], Row[{""expr1"", """", ""expr2"", """", ""expr3""}]}",
FunctionCallInfix,,630,,,"{Row[{""expr1"", ""~"", ""expr2"", ""~"", ""expr3""}]}",
ApplyFirstLevel,,620,,,"{Row[{""expr1"", ""@@@"", ""expr2""}]}",
Apply,,620,,,"{Row[{""expr1"", ""@@"", ""expr2""}]}",
Map,,620,,,"{Row[{""expr1"", ""/@"", ""expr2""}]}",
MapAll,,620,,,"{Row[{""expr1"", ""//@"", ""expr2""}]}",
Factorial,,610,,,"{Row[{""expr"", ""!""}]}",
Factorial2,,610,,,"{Row[{""expr"", ""!!""}]}",
Conjugate,,605,695,,"{Row[{""expr"", """"}]}",
ConjugateTranspose,,605,695,,"{Row[{""expr"", """"}], Row[{""expr"", """"}]}",
SuperDagger,,605,,,"{Row[{""expr"", ""^"", ""†""}]}",
Transpose,,605,695,,"{Row[{""expr"", """"}]}",
Derivative,,604,,,"{Row[{""expr"", ""''"", ""⋯"", ""'""}]}",
StringJoin,,600,,,"{Row[{""expr1"", ""<>"", ""expr2"", ""<>"", ""expr3""}]}",
Power,,590,,,"{Row[{""expr1"", ""^"", ""expr2""}]}",
SuperscriptBox,X,590,,,"{Row[{""expr1"", ""\^"", ""expr2""}]}",
SupersubscriptBox,X,590,,,"{Row[{""expr1"", ""\^"", ""expr2"", ""\%"", ""expr3""}]}",
DoubleDownArrow,,580,650,,"{Row[{""x"", ""⇓"", ""y…""}]}",
DoubleLongLeftArrow,,580,650,,"{Row[{""x"", ""⟸"", ""y"", ""⟸"", ""…""}]}",
DoubleLongLeftRightArrow,,580,650,,"{Row[{""x"", ""⟺"", ""y"", ""⟺"", ""…""}]}",
DoubleLongRightArrow,,580,650,,"{Row[{""x"", ""⟹"", ""y"", ""⟹"", ""…""}]}",
DoubleUpArrow,,580,650,,"{Row[{""x"", ""⇑"", ""y"", ""⇑"", ""…""}]}",
DoubleUpDownArrow,,580,650,,"{Row[{""x"", ""⇕"", ""y"", ""⇕"", ""…""}]}",
DownArrow,,580,650,,"{Row[{""x"", ""↓"", ""y"", ""↓"", ""…""}]}",
DownArrowBar,,580,650,,"{Row[{""x"", ""⤓"", ""y"", ""⤓"", ""…""}]}",
DownArrowUpArrow,,580,650,,"{Row[{""x"", ""⇵"", ""y"", ""⇵"", ""…""}]}",
DownTeeArrow,,580,650,,"{Row[{""x"", ""↧"", ""y"", ""↧"", ""…""}]}",
LeftDownTeeVector,,580,650,,"{Row[{""x"", ""⥡"", ""y"", ""⥡"", ""…""}]}",
LeftDownVector,,580,650,,"{Row[{""x"", ""⇃"", ""y"", ""⇃"", ""…""}]}",
LeftDownVectorBar,,580,650,,"{Row[{""x"", ""⥙"", ""y"", ""⥙"", ""…""}]}",
LeftUpDownVector,,580,650,,"{Row[{""x"", ""⥑"", ""y"", ""⥑"", ""…""}]}",
LeftUpTeeVector,,580,650,,"{Row[{""x"", ""⥠"", ""y"", ""⥠"", ""…""}]}",
LeftUpVector,,580,650,,"{Row[{""x"", ""↿"", ""y"", ""↿"", ""…""}]}",
LeftUpVectorBar,,580,650,,"{Row[{""x"", ""⥘"", ""y"", ""⥘"", ""…""}]}",
LongLeftArrow,,580,650,,"{Row[{""x"", ""⟵"", ""y"", ""⟵"", ""…""}]}",
LongLeftRightArrow,,580,650,,"{Row[{""x"", ""⟷"", ""y"", ""⟷"", ""…""}]}",
LongRightArrow,,580,650,,"{Row[{""x"", ""⟶"", ""y"", ""⟶"", ""…""}]}",
ReverseUpEquilibrium,,580,650,,"{Row[{""x"", ""⥯"", ""y"", ""⥯"", ""…""}]}",
RightDownTeeVector,,580,650,,"{Row[{""x"", ""⥝"", ""y"", ""⥝"", ""…""}]}",
RightDownVector,,580,650,,"{Row[{""x"", ""⇂"", ""y"", ""⇂"", ""…""}]}",
RightDownVectorBar,,580,650,,"{Row[{""x"", ""⥕"", ""y"", ""⥕"", ""…""}]}",
RightUpDownVector,,580,650,,"{Row[{""x"", ""⥏"", ""y"", ""⥏"", ""…""}]}",
RightUpTeeVector,,580,650,,"{Row[{""x"", ""⥜"", ""y"", ""⥜"", ""…""}]}",
RightUpVector,,580,650,,"{Row[{""x"", ""↾"", ""y"", ""↾"", ""…""}]}",
RightUpVectorBar,,580,650,,"{Row[{""x"", ""⥔"", ""y"", ""⥔"", ""…""}]}",
ShortDownArrow,,580,650,,"{Row[{""x"", """", ""y"", """", ""…""}]}",
ShortUpArrow,,580,650,,"{Row[{""x"", """", ""y"", """", ""…""}]}",
UpArrow,,580,650,,"{Row[{""x"", ""↑"", ""y"", ""↑"", ""…""}]}",
UpArrowBar,,580,650,,"{Row[{""x"", ""⤒"", ""y"", ""⤒"", ""…""}]}",
UpArrowDownArrow,,580,650,,"{Row[{""x"", ""⇅"", ""y"", ""⇅"", ""…""}]}",
UpDownArrow,,580,650,,"{Row[{""x"", ""↕"", ""y"", ""↕"", ""…""}]}",
UpEquilibrium,,580,650,,"{Row[{""x"", ""⥮"", ""y"", ""⥮"", ""…""}]}",
UpTeeArrow,,580,650,2,"{Row[{""x"", ""↥"", ""y"", ""↥"", ""…""}]}",
Sqrt,,570,650,1,"{Row[{""√"", ""expr""}]}",
RadicalBox,X,570,650,,"{Row[{""\@"", ""expr1"", ""\%"", ""expr2""}]}",
SqrtBox,X,570,650,,"{Row[{""\@"", ""expr""}]}",
CapitalDifferentialD,,550,630,,"{Row[{"""", ""x""}]}",
DifferentialD,,550,630,,"{Row[{"""", ""x""}]}",
Del,,550,620,,"{Row[{""∇"", ""expr""}]}",
Square,,540,610,,"{Row[{"""", ""expr""}]}",
SmallCircle,,530,607,,"{Row[{""expr1"", ""∘"", ""expr2"", ""∘"", ""expr3""}]}",
CircleDot,,520,605,5,"{Row[{""expr1"", ""⊙"", ""expr2"", ""⊙"", ""expr3""}]}",
PermutationProduct,,,605,4,"{Row[{""expr1"", """", ""expr2""}]}",
NonCommutativeMultiply,,510,606,3,"{Row[{""expr1"", ""**"", ""expr2"", ""**"", ""expr3""}]}",
Cross,,500,603,2,"{Row[{""expr1"", """", ""expr2"", """", ""expr3""}]}",
TensorWedge,,,603,1,"{Row[{""expr1"", """", ""expr2""}]}",
TensorProduct,,,602,,"{Row[{""expr1"", """", ""expr2""}]}",
Dot,,490,601,,"{Row[{""expr1"", ""."", ""expr2"", ""."", ""expr3""}]}",
UnaryMinusPlus,,480,600,,"{Row[{""∓"", ""expr""}]}",
UnaryPlusMinus,,480,600,,"{Row[{""±"", ""expr""}]}",
Minus,,480,,,"{Row[{""-"", ""expr""}], Row[{""−"", ""expr1""}]}",
UnaryPlus,,480,593,,"{Row[{""+"", ""expr""}]}",
Divides,,470,590,2,"{Row[{""expr1"", ""∣"", ""expr2""}]}",
Divide,,470,590,1,"{Row[{""expr1"", ""/"", ""expr2""}], Row[{""expr1"", ""÷"", ""expr2""}], Row[{""expr1"", ""∕"", ""expr2"", ""∕"", ""expr3""}]}",
FractionBox,X,470,,,"{Row[{""expr1"", ""\/"", ""expr2""}]}",
Backslash,,460,580,,"{Row[{""expr1"", ""∖"", ""expr2"", ""∖"", ""expr3""}]}",
Diamond,,450,570,,"{Row[{""expr1"", ""⋄"", ""expr2"", ""⋄"", ""expr3""}]}",
Wedge,,440,560,,"{Row[{""expr1"", ""⋀"", ""expr2"", ""⋀"", ""expr3""}]}",
Vee,,430,550,,"{Row[{""x"", ""⋁"", ""y"", ""⋁"", ""…""}]}",
CircleTimes,,420,540,,"{Row[{""expr1"", ""⊗"", ""expr2"", ""⊗"", ""expr3""}]}",
CenterDot,,410,530,,"{Row[{""x"", ""·"", ""y"", ""·"", ""…""}]}",
Times,X,400,520,,"{Row[{""expr1"", ""expr2"", ""expr3""}], Row[{""expr1"", ""*"", ""expr2"", ""*"", ""expr3""}], Row[{""expr1"", ""×"", ""expr2"", ""×"", ""expr3""}], Row[{""expr1"", """,
Star,,390,510,,"{Row[{""expr1"", ""⋆"", ""expr2"", ""⋆"", ""expr3""}]}",
VerticalTilde,,370,490,,"{Row[{""expr1"", ""≀"", ""expr2"", ""≀"", ""expr3""}]}",
Coproduct,,360,500,,"{Row[{""expr1"", ""∐"", ""expr2"", ""∐"", ""expr3""}]}",
Cap,,350,470,,"{Row[{""expr1"", ""⌢"", ""expr2"", ""⌢"", ""expr3""}]}",
Cup,,340,460,,"{Row[{""expr1"", ""⌣"", ""expr2"", ""⌣"", ""expr3""}]}",
CircleMinus,,330,450,,"{Row[{""expr1"", ""⊖"", ""expr2""}]}",
CirclePlus,,330,450,,"{Row[{""expr1"", ""⊕"", ""expr2"", ""⊕"", ""expr3""}]}",
Integrate,,325,455,,"{Row[{""∫"", ""expr1"", """", ""expr2""}]}",
MinusPlus,,310,430,,"{Row[{""expr1"", ""∓"", ""expr2""}]}",
Plus,,310,430,,"{Row[{""expr1"", ""+"", ""expr2"", ""+"", ""expr3""}], Row[{""expr1"", """", ""expr2"", """", ""expr3""}]}",
PlusMinus,,310,430,,"{Row[{""expr1"", ""±"", ""expr2""}]}",
Subtract,,310,430,,"{Row[{""expr1"", ""-"", ""expr2""}], Row[{""expr1"", ""−"", ""expr2"", ""−"", ""expr3""}]}",
Intersection,,305,420,,"{Row[{""expr1"", ""⋂"", ""expr2""}]}",
Span,,305,420,,"{Row[{""i"", "";;"", ""j"", "";;"", ""k""}]}",
SquareIntersection,,305,420,,"{Row[{""x"", ""⊓"", ""y"", ""⊓"", ""…""}]}",
SquareUnion,,300,410,,"{Row[{""x"", ""⊔"", ""y"", ""⊔"", ""…""}]}",
Union,,300,410,,"{Row[{""expr1"", ""⋃"", ""expr2""}]}",
UnionPlus,,300,410,,"{Row[{""x"", ""⊎"", ""y"", ""⊎"", ""…""}]}",
DirectedEdge,,295,395,,"{Row[{""expr1"", """", ""expr2""}]}",
UndirectedEdge,,295,395,,"{Row[{""expr1"", """", ""expr2""}]}",
Congruent,,290,390,,"{Row[{""x"", ""≡"", ""y"", ""≡"", ""…""}]}",
CupCap,,290,390,,"{Row[{""x"", ""≍"", ""y"", ""≍"", ""…""}]}",
DotEqual,,290,390,,"{Row[{""x"", ""≐"", ""y"", ""≐"", ""…""}]}",
Equal,,290,390,,"{Row[{""expr1"", ""=="", ""expr2""}], Row[{""expr1"", """", ""expr2""}], Row[{""expr1"", """", ""expr2""}]}",
EqualTilde,,290,390,,"{Row[{""x"", ""≂"", ""y"", ""≂"", ""…""}]}",
Equilibrium,,290,390,,"{Row[{""x"", ""⇌"", ""y"", ""⇌"", ""…""}]}",
Greater,,290,390,,"{Row[{""expr1"", "">"", ""expr2""}]}",
GreaterEqual,,290,390,,"{Row[{""expr1"", "">="", ""expr2""}], Row[{""expr1"", ""≥"", ""expr2""}]}",
GreaterEqualLess,,290,390,,"{Row[{""x"", ""⋛"", ""y"", ""⋛"", ""…""}]}",
GreaterFullEqual,,290,390,,"{Row[{""x"", ""≧"", ""y"", ""≧"", ""…""}]}",
GreaterGreater,,290,390,,"{Row[{""x"", ""≫"", ""y"", ""≫"", ""…""}]}",
GreaterLess,,290,390,,"{Row[{""x"", ""≷"", ""y"", ""≷"", ""…""}]}",
GreaterSlantEqual,,290,390,,"{Row[{""x"", ""⩾"", ""y"", ""⩾"", ""…""}]}",
GreaterTilde,,290,390,,"{Row[{""x"", ""≳"", ""y"", ""≳"", ""…""}]}",
HumpDownHump,,290,390,,"{Row[{""x"", ""≎"", ""y"", ""≎"", ""…""}]}",
HumpEqual,,290,390,,"{Row[{""x"", ""≏"", ""y"", ""≏"", ""…""}]}",
LeftTriangle,,290,390,,"{Row[{""x"", ""⊲"", ""y"", ""⊲"", ""…""}]}",
LeftTriangleBar,,290,390,,"{Row[{""x"", ""⧏"", ""y"", ""⧏"", ""…""}]}",
LeftTriangleEqual,,290,390,,"{Row[{""x"", ""⊴"", ""y"", ""⊴"", ""…""}]}",
Less,,290,390,,"{Row[{""expr1"", ""<"", ""expr2""}]}",
LessEqual,,290,390,,"{Row[{""expr1"", ""<="", ""expr2""}], Row[{""expr1"", ""≤"", ""expr2""}]}",
LessEqualGreater,,290,390,,"{Row[{""x"", ""⋚"", ""y"", ""⋚"", ""…""}]}",
LessFullEqual,,290,390,,"{Row[{""x"", ""≦"", ""y"", ""≦"", ""…""}]}",
LessGreater,,290,390,,"{Row[{""x"", ""≶"", ""y"", ""≶"", ""…""}]}",
LessLess,,290,390,,"{Row[{""x"", ""≪"", ""y"", ""≪"", ""…""}]}",
LessSlantEqual,,290,390,,"{Row[{""x"", ""⩽"", ""y"", ""⩽"", ""…""}]}",
LessTilde,,290,390,,"{Row[{""x"", ""≲"", ""y"", ""≲"", ""…""}]}",
NestedGreaterGreater,,290,390,,"{Row[{""x"", ""⪢"", ""y"", ""⪢"", ""…""}]}",
NestedLessLess,,290,390,,"{Row[{""x"", ""⪡"", ""y"", ""⪡"", ""…""}]}",
NotCongruent,,290,390,,"{Row[{""x"", ""≢"", ""y"", ""≢"", ""…""}]}",
NotCupCap,,290,390,,"{Row[{""x"", ""≭"", ""y"", ""≭"", ""…""}]}",
NotEqualTilde,,290,390,,"{Row[{""x"", """", ""y"", """", ""…""}]}",
NotGreater,,290,390,,"{Row[{""x"", ""≯"", ""y"", ""≯"", ""…""}]}",
NotGreaterEqual,,290,390,,"{Row[{""x"", ""≱"", ""y"", ""≱"", ""…""}]}",
NotGreaterFullEqual,,290,390,,"{Row[{""x"", ""≩"", ""y"", ""≩"", ""…""}]}",
NotGreaterGreater,,290,390,,"{Row[{""x"", """", ""y"", """", ""…""}]}",
NotGreaterLess,,290,390,,"{Row[{""x"", ""≹"", ""y"", ""≹"", ""…""}]}",
NotGreaterSlantEqual,,290,390,,"{Row[{""x"", """", ""y"", """", ""…""}]}",
NotGreaterTilde,,290,390,,"{Row[{""x"", ""≵"", ""y"", ""≵"", ""…""}]}",
NotHumpDownHump,,290,390,,"{Row[{""x"", """", ""y"", """", ""…""}]}",
NotHumpEqual,,290,390,,"{Row[{""x"", """", ""y"", """", ""…""}]}",
NotLeftTriangle,,290,390,,"{Row[{""x"", ""⋪"", ""y"", ""⋪"", ""…""}]}",
NotLeftTriangleBar,,290,390,,"{Row[{""x"", """", ""y"", """", ""…""}]}",
NotLeftTriangleEqual,,290,390,,"{Row[{""x"", ""⋬"", ""y"", ""⋬"", ""…""}]}",
NotLess,,290,390,,"{Row[{""x"", ""≮"", ""y"", ""≮"", ""…""}]}",
NotLessEqual,,290,390,,"{Row[{""x"", ""≰"", ""y"", ""≰"", ""…""}]}",
NotLessFullEqual,,290,390,,"{Row[{""x"", ""≨"", ""y"", ""≨"", ""…""}]}",
NotLessGreater,,290,390,,"{Row[{""x"", ""≸"", ""y"", ""≸"", ""…""}]}",
NotLessLess,,290,390,,"{Row[{""x"", """", ""y"", """", ""…""}]}",
NotLessSlantEqual,,290,390,,"{Row[{""x"", """", ""y"", """", ""…""}]}",
NotLessTilde,,290,390,,"{Row[{""x"", ""≴"", ""y"", ""≴"", ""…""}]}",
NotNestedGreaterGreater,,290,390,,"{Row[{""x"", """", ""y"", """", ""…""}]}",
NotNestedLessLess,,290,390,,"{Row[{""x"", """", ""y"", """", ""…""}]}",
NotPrecedes,,290,390,,"{Row[{""x"", ""⊀"", ""y"", ""⊀"", ""…""}]}",
NotPrecedesEqual,,290,390,,"{Row[{""x"", """", ""y"", """", ""…""}]}",
NotPrecedesSlantEqual,,290,390,,"{Row[{""x"", ""⋠"", ""y"", ""⋠"", ""…""}]}",
NotPrecedesTilde,,290,390,,"{Row[{""x"", ""⋨"", ""y"", ""⋨"", ""…""}]}",
NotRightTriangle,,290,390,,"{Row[{""x"", ""⋫"", ""y"", ""⋫"", ""…""}]}",
NotRightTriangleBar,,290,390,,"{Row[{""x"", """", ""y"", """", ""…""}]}",
NotRightTriangleEqual,,290,390,,"{Row[{""x"", ""⋭"", ""y"", ""⋭"", ""…""}]}",
NotSucceeds,,290,390,,"{Row[{""x"", ""⊁"", ""y"", ""⊁"", ""…""}]}",
NotSucceedsEqual,,290,390,,"{Row[{""x"", """", ""y"", """", ""…""}]}",
NotSucceedsSlantEqual,,290,390,,"{Row[{""x"", ""⋡"", ""y"", ""⋡"", ""…""}]}",
NotSucceedsTilde,,290,390,,"{Row[{""x"", ""⋩"", ""y"", ""⋩"", ""…""}]}",
NotTilde,,290,390,,"{Row[{""x"", ""≁"", ""y"", ""≁"", ""…""}]}",
NotTildeEqual,,290,390,,"{Row[{""x"", ""≄"", ""y"", ""≄"", ""…""}]}",
NotTildeFullEqual,,290,390,,"{Row[{""x"", ""≇"", ""y"", ""≇"", ""…""}]}",
NotTildeTilde,,290,390,,"{Row[{""x"", ""≉"", ""y"", ""≉"", ""…""}]}",
Precedes,,290,390,,"{Row[{""x"", ""≺"", ""y"", ""≺"", ""…""}]}",
PrecedesEqual,,290,390,,"{Row[{""x"", ""⪯"", ""y"", ""⪯"", ""…""}]}",
PrecedesSlantEqual,,290,390,,"{Row[{""x"", ""≼"", ""y"", ""≼"", ""…""}]}",
PrecedesTilde,,290,390,,"{Row[{""x"", ""≾"", ""y"", ""≾"", ""…""}]}",
Proportion,,290,390,,"{Row[{""x"", ""∷"", ""y"", ""∷"", ""…""}]}",
Proportional,,290,390,,"{Row[{""x"", ""∝"", ""y"", ""∝"", ""…""}]}",
ReverseEquilibrium,,290,390,,"{Row[{""x"", ""⇋"", ""y"", ""⇋"", ""…""}]}",
RightTriangle,,290,390,,"{Row[{""x"", ""⊳"", ""y"", ""⊳"", ""…""}]}",
RightTriangleBar,,290,390,,"{Row[{""x"", ""⧐"", ""y"", ""⧐"", ""…""}]}",
RightTriangleEqual,,290,390,,"{Row[{""x"", ""⊵"", ""y"", ""⊵"", ""…""}]}",
Succeeds,,290,390,,"{Row[{""x"", ""≻"", ""y"", ""≻"", ""…""}]}",
SucceedsEqual,,290,390,,"{Row[{""x"", ""⪰"", ""y"", ""⪰"", ""…""}]}",
SucceedsSlantEqual,,290,390,,"{Row[{""x"", ""≽"", ""y"", ""≽"", ""…""}]}",
SucceedsTilde,,290,390,,"{Row[{""x"", ""≿"", ""y"", ""≿"", ""…""}]}",
Tilde,,290,390,,"{Row[{""x"", ""∼"", ""y"", ""∼"", ""…""}]}",
TildeEqual,,290,390,,"{Row[{""x"", ""≃"", ""y"", ""≃"", ""…""}]}",
TildeFullEqual,,290,390,,"{Row[{""x"", ""≅"", ""y"", ""≅"", ""…""}]}",
TildeTilde,,290,390,,"{Row[{""x"", ""≈"", ""y"", ""≈"", ""…""}]}",
Unequal,,290,390,,"{Row[{""expr1"", ""!="", ""expr2""}], Row[{""expr1"", ""≠"", ""expr2""}]}",
Perpendicular,,,390,,"{Row[{""expr1"", ""⟂"", ""expr2""}]}",
DoubleVerticalBar,,280,390,,"{Row[{""expr1"", ""∥"", ""expr2""}]}",
NotDoubleVerticalBar,,280,390,,"{Row[{""expr1"", ""∦"", ""expr2""}]}",
NotVerticalBar,,280,390,,"{Row[{""expr1"", """", ""expr2""}]}",
VerticalBar,,280,390,,"{Row[{""expr1"", """", ""expr2""}]}",
DoubleLeftArrow,,270,380,,"{Row[{""x"", ""⇐"", ""y"", ""⇐"", ""…""}]}",
DoubleLeftRightArrow,,270,380,,"{Row[{""x"", ""⇔"", ""y"", ""⇔"", ""…""}]}",
DoubleRightArrow,,270,380,,"{Row[{""x"", ""⇒"", ""y"", ""⇒"", ""…""}]}",
DownLeftRightVector,,270,380,,"{Row[{""x"", ""⥐"", ""y"", ""⥐"", ""…""}]}",
DownLeftTeeVector,,270,380,,"{Row[{""x"", ""⥞"", ""y"", ""⥞"", ""…""}]}",
DownLeftVector,,270,380,,"{Row[{""x"", ""↽"", ""y"", ""↽"", ""…""}]}",
DownLeftVectorBar,,270,380,,"{Row[{""x"", ""⥖"", ""y"", ""⥖"", ""…""}]}",
DownRightTeeVector,,270,380,,"{Row[{""x"", ""⥟"", ""y"", ""⥟"", ""…""}]}",
DownRightVector,,270,380,,"{Row[{""x"", ""⇁"", ""y"", ""⇁"", ""…""}]}",
DownRightVectorBar,,270,380,,"{Row[{""x"", ""⥗"", ""y"", ""⥗"", ""…""}]}",
LeftArrow,,270,380,,"{Row[{""x"", ""←"", ""y"", ""←"", ""…""}]}",
LeftArrowBar,,270,380,,"{Row[{""x"", ""⇤"", ""y"", ""⇤"", ""…""}]}",
LeftArrowRightArrow,,270,380,,"{Row[{""x"", ""⇆"", ""y"", ""⇆"", ""…""}]}",
LeftRightArrow,,270,380,,"{Row[{""x"", ""↔"", ""y"", ""↔"", ""…""}]}",
LeftRightVector,,270,380,,"{Row[{""x"", ""⥎"", ""y"", ""⥎"", ""…""}]}",
LeftTeeArrow,,270,380,,"{Row[{""x"", ""↤"", ""y"", ""↤"", ""…""}]}",
LeftTeeVector,,270,380,,"{Row[{""x"", ""⥚"", ""y"", ""⥚"", ""…""}]}",
LeftVector,,270,380,,"{Row[{""x"", ""↼"", ""y"", ""↼"", ""…""}]}",
LeftVectorBar,,270,380,,"{Row[{""x"", ""⥒"", ""y"", ""⥒"", ""…""}]}",
LowerLeftArrow,,270,380,,"{Row[{""x"", ""↙"", ""y"", ""↙"", ""…""}]}",
LowerRightArrow,,270,380,,"{Row[{""x"", ""↘"", ""y"", ""↘"", ""…""}]}",
RightArrow,,270,380,,"{Row[{""x"", ""→"", ""y"", ""→"", ""…""}]}",
RightArrowBar,,270,380,,"{Row[{""x"", ""⇥"", ""y"", ""⇥"", ""…""}]}",
RightArrowLeftArrow,,270,380,,"{Row[{""x"", ""⇄"", ""y"", ""⇄"", ""…""}]}",
RightTeeArrow,,270,380,,"{Row[{""x"", ""↦"", ""y"", ""↦"", ""…""}]}",
RightTeeVector,,270,380,,"{Row[{""x"", ""⥛"", ""y"", ""⥛"", ""…""}]}",
RightVector,,270,380,,"{Row[{""x"", ""⇀"", ""y"", ""⇀"", ""…""}]}",
RightVectorBar,,270,380,,"{Row[{""x"", ""⥓"", ""y"", ""⥓"", ""…""}]}",
ShortLeftArrow,,270,380,,"{Row[{""x"", """", ""y"", """", ""…""}]}",
ShortRightArrow,,270,380,,"{Row[{""x"", """", ""y"", """", ""…""}]}",
UpperLeftArrow,,270,380,,"{Row[{""x"", ""↖"", ""y"", ""↖"", ""…""}]}",
UpperRightArrow,,270,380,,"{Row[{""x"", ""↗"", ""y"", ""↗"", ""…""}]}",
SameQ,,260,370,,"{Row[{""expr1"", ""==="", ""expr2""}]}",
UnsameQ,,260,370,,"{Row[{""expr1"", ""=!="", ""expr2""}]}",
Distributed,,250,360,,"{Row[{""expr1"", """", ""expr2""}]}",
Element,,250,360,,"{Row[{""expr1"", ""∈"", ""expr2""}]}",
NotElement,,250,360,,"{Row[{""expr1"", ""∉"", ""expr2""}]}",
NotReverseElement,,250,360,,"{Row[{""x"", ""∌"", ""y"", ""∌"", ""…""}]}",
NotSquareSubset,,250,360,,"{Row[{""x"", """", ""y"", """", ""…""}]}",
NotSquareSubsetEqual,,250,360,,"{Row[{""x"", ""⋢"", ""y"", ""⋢"", ""…""}]}",
NotSquareSuperset,,250,360,,"{Row[{""x"", """", ""y"", """", ""…""}]}",
NotSquareSupersetEqual,,250,360,,"{Row[{""x"", ""⋣"", ""y"", ""⋣"", ""…""}]}",
NotSubset,,250,360,,"{Row[{""x"", ""⊄"", ""y"", ""⊄"", ""…""}]}",
NotSubsetEqual,,250,360,,"{Row[{""x"", ""⊈"", ""y"", ""⊈"", ""…""}]}",
NotSuperset,,250,360,,"{Row[{""x"", ""⊅"", ""y"", ""⊅"", ""…""}]}",
NotSupersetEqual,,250,360,,"{Row[{""x"", ""⊉"", ""y"", ""⊉"", ""…""}]}",
ReverseElement,,250,360,,"{Row[{""x"", ""∋"", ""y"", ""∋"", ""…""}]}",
SquareSubset,,250,360,,"{Row[{""x"", ""⊏"", ""y"", ""⊏"", ""…""}]}",
SquareSubsetEqual,,250,360,,"{Row[{""x"", ""⊑"", ""y"", ""⊑"", ""…""}]}",
SquareSuperset,,250,360,,"{Row[{""x"", ""⊐"", ""y"", ""⊐"", ""…""}]}",
SquareSupersetEqual,,250,360,,"{Row[{""x"", ""⊒"", ""y"", ""⊒"", ""…""}]}",
Subset,,250,360,,"{Row[{""expr1"", ""⊂"", ""expr2""}]}",
SubsetEqual,,250,360,,"{Row[{""x"", ""⊆"", ""y"", ""⊆"", ""…""}]}",
Superset,,250,360,,"{Row[{""expr1"", ""⊃"", ""expr2""}]}",
SupersetEqual,,250,360,,"{Row[{""x"", ""⊇"", ""y"", ""⊇"", ""…""}]}",
Not,,230,340,,"{Row[{""!"", ""expr""}], Row[{""¬"", ""expr""}]}",
And,,220,330,,"{Row[{""expr1"", ""&&"", ""expr2"", ""&&"", ""expr3""}], Row[{""expr1"", ""∧"", ""expr2"", ""∧"", ""expr3""}]}",
Nand,,220,330,,"{Row[{""expr1"", ""⊼"", ""expr2"", ""⊼"", ""expr3""}]}",
Xnor,,215,325,,"{Row[{""expr1"", """", ""expr2"", """", ""expr3""}]}",
Xor,,215,325,,"{Row[{""expr1"", ""⊻"", ""expr2"", ""⊻"", ""expr3""}]}",
Nor,,210,320,,"{Row[{""expr1"", ""⊽"", ""expr2"", ""⊽"", ""expr3""}]}",
Or,,210,320,,"{Row[{""expr1"", ""||"", ""expr2"", ""||"", ""expr3""}], Row[{""expr1"", ""∨"", ""expr2"", ""∨"", ""expr3""}]}",
Equivalent,,205,315,,"{Row[{""expr1"", ""⧦"", ""expr2"", ""⧦"", ""expr3""}]}",
RoundImplies,,,310,,"{Row[{""expr1"", ""⥰"", ""expr2""}]}",
Implies,,200,310,,"{Row[{""expr1"", """", ""expr2""}]}",
Conditioned,,195,305,,"{Row[{""expr1"", """", ""expr2""}]}",
DoubleLeftTee,,190,300,,"{Row[{""expr1"", ""⫤"", ""expr2""}]}",
DoubleRightTee,,190,300,,"{Row[{""expr1"", ""⊨"", ""expr2""}]}",
DownTee,,190,300,,"{Row[{""expr1"", ""⊤"", ""expr2""}]}",
LeftTee,,190,300,,"{Row[{""expr1"", ""⊣"", ""expr2""}]}",
RightTee,,190,300,,"{Row[{""expr1"", ""⊢"", ""expr2""}]}",
UpTee,,190,390,,"{Row[{""expr1"", ""⊥"", ""expr2""}]}",
SuchThat,,180,290,,"{Row[{""expr1"", ""∍"", ""expr2""}]}",
Repeated,,170,,,"{Row[{""expr"", ""..""}]}",
RepeatedNull,,170,,,"{Row[{""expr"", ""...""}]}",
Alternatives,,160,,,"{Row[{""expr1"", ""|"", ""expr2""}]}",
Pattern,,150,,,"{Row[{""symb"", "":"", ""expr""}]}",
Optional,,140,,,"{Row[{""patt"", "":"", ""expr""}]}",
StringExpression,,135,,,"{Row[{""expr1"", ""~~"", ""expr2"", ""~~"", ""expr3""}]}",
Condition,,130,,,"{Row[{""expr1"", ""/;"", ""expr2""}]}",
TwoWayRule,,125,255,,"{Row[{""expr1"", ""<->"", ""expr2""}], Row[{""expr1"", """", ""expr2""}]}",
Rule,,120,250,,"{Row[{""expr1"", ""->"", ""expr2""}], Row[{""expr1"", """", ""expr2""}]}",
RuleDelayed,,120,250,,"{Row[{""expr1"", "":>"", ""expr2""}], Row[{""expr1"", """", ""expr2""}]}",
ReplaceAll,,110,,,"{Row[{""expr1"", ""/."", ""expr2""}]}",
ReplaceRepeated,,110,,,"{Row[{""expr1"", ""//."", ""expr2""}]}",
AddTo,,100,,,"{Row[{""expr1"", ""+="", ""expr2""}]}",
DivideBy,,100,,,"{Row[{""expr1"", ""/="", ""expr2""}]}",
SubtractFrom,,100,,,"{Row[{""expr1"", ""-="", ""expr2""}]}",
TimesBy,,100,,,"{Row[{""expr1"", ""*="", ""expr2""}]}",
Function,,90,,,"{Row[{""expr"", ""&""}]}",
Colon,,80,205,,"{Row[{""expr1"", ""∶"", ""expr2""}]}",
FunctionCallPostfix,,70,,,"{Row[{""expr1"", ""//"", ""expr2""}]}",
VerticalSeparator,,60,202,,"{Row[{""expr1"", """", ""expr2""}]}",
Because,,50,201,,"{Row[{""expr1"", ""∵"", ""expr2""}]}",
Therefore,,50,201,,"{Row[{""expr1"", ""∴"", ""expr2""}]}",
ParameterizedFunction,,40,190,,"{Row[{""expr1"", """", ""expr2""}]}",
Set,X,40,,,"{Row[{""expr1"", ""="", ""expr2""}]}",
SetDelayed,X,40,,,"{Row[{""expr1"", "":="", ""expr2""}]}",
TagSet,X,40,,,"{Row[{""symb"", ""/:"", ""expr1"", ""="", ""expr2""}]}",
TagSetDelayed,X,40,,,"{Row[{""symb"", ""/:"", ""expr1"", "":="", ""expr2""}]}",
TagUnset,X,40,,,"{Row[{""symb"", ""/;"", ""expr"", ""=.""}]}",
Unset,X,40,,,"{Row[{""expr"", ""=.""}]}",
UpSet,X,40,,,"{Row[{""expr1"", ""^="", ""expr2""}]}",
UpSetDelayed,X,40,,,"{Row[{""expr1"", ""^:="", ""expr2""}]}",
Put,X,30,,,"{Row[{""expr"", "">>"", ""filename""}]}",
PutAppend,X,30,,,"{Row[{""expr"", "">>>"", ""filename""}]}",
CompoundExpression,,10,,,"{Row[{""expr1"", "";"", ""expr2"", "";"", ""expr""}]}",
CompoundExpressionNull,X,10,,,"{Row[{""expr1"", "";"", ""expr2"", "";""}]}",
FormBox,X,5,,,"{Row[{""expr1"", ""\\`"", ""expr2""}]}",
,,,,,,
,,,,,,
,,,,,,
,,,,,,
,,,,,,
,,,,,,
,,,,,,
,,,,,,
,,,,,,
,,,,,,
,,,,,,
,,,,,,
,,,,,,